customer_id,customer_name,email,registration_date,customer_type
1,Allison Hill,donaldgarcia@example.net,2025-04-20,VIP
2,Javier Johnson,jesseguzman@example.net,2023-12-01,REGULAR
3,Kimberly Robinson,lisa02@example.net,2024-05-12,REGULAR
4,Daniel Gallagher,daviscolin@example.com,2024-09-21,VIP
5,Monica Herrera,smiller@example.net,2024-10-02,PREMIUM
6,Laura Bush,stanleykendra@example.org,2025-03-24,REGULAR
7,Jamie Chavez,francisco53@example.net,2024-01-19,REGULAR
8,Maria Lynch,amandasanchez@example.com,2024-04-11,REGULAR
9,Margaret Hawkins Dds,perezantonio@example.com,2024-04-26,VIP
10,Thomas Bradley,jason76@example.net,2024-06-07,REGULAR
11,David Hoffman,julie69@example.com,2024-03-29,VIP
12,Brenda Snyder Phd,hernandezernest@example.net,2024-05-12,VIP
13,James Ferrell,tasha01@example.net,2025-04-14,VIP
14,Patricia Peterson,ryan70@example.net,2025-04-08,REGULAR
15,Jonathan White,harrellkenneth@example.net,2024-07-13,VIP
16,James Martin,georgetracy@example.org,2025-05-17,PREMIUM
17,Sandra Parker,allenashley@example.org,2023-09-09,REGULAR
18,Mr. Philip Cannon,donnaarroyo@example.org,2024-01-18,REGULAR
19,Jenny Lewis,jenniferross@example.net,2024-10-25,REGULAR
20,Joseph Martinez,calebsmith@example.net,2023-12-23,REGULAR
21,Benjamin Welch,carlosjohnson@example.com,2023-08-29,REGULAR
22,Michael Lewis,jenniferkhan@example.net,2024-06-18,VIP
23,Rhonda Lee,hopkinsmichael@example.com,2024-06-13,VIP
24,Megan Joyce,brownjessica@example.org,2024-01-06,REGULAR
25,Jerry Henderson,steven17@example.net,2023-09-18,VIP
26,Kimberly Smith,housemelinda@example.org,2024-04-30,REGULAR
27,Dr. Steven Martin,gallowayjoseph@example.com,2024-02-02,VIP
28,Monica Logan,smoore@example.org,2025-06-15,VIP
29,Kimberly Adkins,williamsthomas@example.net,2023-10-31,VIP
30,Angela Lopez,leonardjoe@example.org,2025-05-26,VIP
31,Lauren Williams,barnesbrandy@example.net,2024-02-24,PREMIUM
32,Michael Edwards,randy47@example.com,2025-05-17,REGULAR
33,Alexandra Howell,jonesjason@example.com,2023-10-13,PREMIUM
34,Benjamin Sanchez,eric84@example.net,2025-06-26,VIP
35,Kendra Contreras,sarah12@example.com,2023-10-01,PREMIUM
36,Juan Nelson,jenniferharris@example.net,2025-03-22,REGULAR
37,Danielle Odonnell,davisrodney@example.com,2023-08-10,REGULAR
38,Carlos Whitney,joycearnold@example.com,2024-08-21,VIP
39,Tony Vazquez,amydavenport@example.net,2024-08-15,PREMIUM
40,Andrew Diaz,nolanjason@example.org,2024-11-06,PREMIUM
41,Justin Baxter,sarayoung@example.org,2025-06-20,PREMIUM
42,Sierra Johnson,kimberly63@example.com,2023-11-02,REGULAR
43,Janet Williams,dwalker@example.com,2024-02-16,REGULAR
44,Crystal Johnson,raymondramirez@example.org,2025-06-13,PREMIUM
45,Martin Ross,sheila14@example.org,2024-09-04,REGULAR
46,Mrs. Linda Reed,samuel81@example.com,2025-04-25,REGULAR
47,Andrew Graham,michaeljones@example.net,2025-05-11,PREMIUM
48,Mary Martinez,william65@example.com,2024-11-28,REGULAR
49,Cheryl Ortega,lbyrd@example.net,2024-08-27,PREMIUM
50,Roy Torres,russellcarpenter@example.net,2024-02-29,PREMIUM
51,Michael Dixon,donnacampbell@example.net,2024-10-13,VIP
52,Robert Potter,jeffrey32@example.org,2023-08-11,PREMIUM
53,Miss Patricia Gibson,jennifercruz@example.com,2024-01-03,REGULAR
54,Abigail Potter,osbornejeffery@example.net,2024-07-21,VIP
55,David Charles,danderson@example.net,2024-07-30,PREMIUM
56,Emily Fischer,usalazar@example.net,2024-05-15,VIP
57,Jill Moore,wcole@example.org,2025-03-13,REGULAR
58,Richard Washington,joshuajones@example.com,2023-12-27,PREMIUM
59,Steven Miller,jessebenson@example.net,2023-12-12,REGULAR
60,Gary Owens,clarkrobert@example.net,2025-05-29,VIP
61,Spencer Johnston,wsmith@example.com,2025-01-09,PREMIUM
62,Tiffany Barnes,tracynelson@example.com,2023-07-30,VIP
63,Michael Powell,marycalhoun@example.net,2024-08-01,VIP
64,Leslie Alvarado,dayderek@example.com,2023-11-18,PREMIUM
65,Garrett Gibson,kathleen64@example.com,2024-01-09,VIP
66,Alec Ryan,jeffrey10@example.org,2025-06-01,REGULAR
67,Alex Hernandez,thomaswilson@example.org,2024-06-12,VIP
68,Jacob Obrien,stricklandfrank@example.com,2023-09-25,REGULAR
69,Eric Byrd,tsanders@example.org,2023-09-02,REGULAR
70,Lori Garcia,melissa91@example.net,2025-01-30,VIP
71,Jeffrey Wood,alexander67@example.org,2024-05-20,REGULAR
72,Steven Stevens,ryangross@example.net,2024-01-22,PREMIUM
73,Kimberly Webb,lpetersen@example.com,2024-02-29,REGULAR
74,Timothy Ramirez,dsanchez@example.net,2024-09-26,REGULAR
75,Allen Rosales,tonykelly@example.com,2024-03-13,REGULAR
76,Meredith Hill,blackjames@example.org,2024-12-15,PREMIUM
77,Peter Vaughn Dds,bwest@example.org,2024-02-08,PREMIUM
78,David Beck,thomas85@example.com,2025-07-05,PREMIUM
79,Heather Chavez,john13@example.com,2023-10-04,VIP
80,Pamela Lopez,joannahill@example.net,2025-06-20,PREMIUM
81,Diane Garcia,kennethward@example.com,2023-07-19,REGULAR
82,Denise Mccann,heidi27@example.org,2025-04-06,PREMIUM
83,Julie Alexander,tammyking@example.com,2023-09-30,PREMIUM
84,John Ray,hernandezlisa@example.com,2023-09-09,REGULAR
85,Justin Butler,kimberlyjames@example.com,2024-02-11,VIP
86,Jessica Carroll,lynchjody@example.org,2024-10-07,PREMIUM
88,David Mann,ojones@example.com,2025-02-03,VIP
89,Mary Peck,owilson@example.net,2023-10-25,VIP
90,Charles Brown,brooke94@example.com,2023-10-07,REGULAR
91,Melissa Bender,mkim@example.org,2025-04-18,VIP
92,Lindsey Johnson,suzannehuff@example.net,2024-09-09,VIP
93,Phillip Underwood,hinesgregory@example.net,2024-10-26,REGULAR
94,Catherine Richards,ecosta@example.com,2024-05-02,VIP
95,Brian Martin,ssteele@example.net,2025-05-28,VIP
97,Sean Murray,lopezmichael@example.com,2024-10-07,REGULAR
98,Christina Dunn,samuel71@example.org,2025-06-18,PREMIUM
99,Cynthia Moore,tranchristopher@example.org,2024-06-09,PREMIUM
100,Ronnie Jimenez,william46@example.com,2025-06-23,PREMIUM
101,Juan Reyes,michellehill@example.com,2024-03-13,VIP
102,Debra Smith,mary97@example.org,2024-05-29,VIP
103,Mr. Phillip Bennett,molly39@example.com,2023-12-26,VIP
104,Amanda Garner,qhughes@example.net,2025-06-23,REGULAR
105,Andrew Shaw Md,sawyerscott@example.net,2025-05-03,VIP
106,Charles Pitts,charlesharrington@example.com,2024-03-12,PREMIUM
107,Marie Christian,ofinley@example.net,2025-04-16,REGULAR
108,Joshua Williamson Ii,wendy16@example.org,2025-01-14,REGULAR
109,Ashlee Jackson,rebecca05@example.org,2024-02-08,REGULAR
110,Charles Schmidt,georgemiller@example.com,2024-10-03,PREMIUM
111,Thomas Thomas,dlittle@example.com,2024-11-06,PREMIUM
112,Julie Roberts,charleslandry@example.net,2024-02-12,PREMIUM
113,Melissa Bryant,james67@example.org,2023-12-29,REGULAR
114,Laura Haney,andrew64@example.org,2024-08-25,REGULAR
115,Natasha Williams,swall@example.org,2024-09-24,VIP
116,Mark Oliver,courtneyberger@example.net,2023-08-06,VIP
117,Amanda Diaz,christopherphillips@example.net,2024-05-07,PREMIUM
118,Richard Walter,alyssa42@example.com,2025-05-06,REGULAR
119,Tracy Phillips,linda71@example.org,2025-01-09,VIP
120,Michael Craig,zcoffey@example.net,2024-04-01,PREMIUM
121,Alexis Herrera,vrichardson@example.net,2024-01-16,PREMIUM
122,Mark Watson,thomasharvey@example.net,2024-03-04,VIP
123,Maria Reid,tblankenship@example.net,2024-05-02,PREMIUM
124,Tracy Torres,pwilson@example.net,2023-10-16,REGULAR
125,Michael Paul,umatthews@example.org,2025-04-15,PREMIUM
126,Sandra Gilbert,antonio53@example.com,2024-05-28,REGULAR
127,Jack Pollard,amy50@example.com,2024-01-26,REGULAR
128,Tiffany Holloway,batesdarlene@example.net,2025-06-16,VIP
129,Gavin Zhang,caseyhubbard@example.org,2024-09-09,VIP
130,Crystal Schroeder,ramireztracey@example.org,2024-08-06,VIP
131,Ashley Delacruz,alexistyler@example.org,2024-09-10,PREMIUM
132,Derek Martinez,vfox@example.org,2024-06-20,VIP
133,Kayla Rodriguez,soniawilliams@example.net,2024-07-23,VIP
134,Victor Brown,bboone@example.net,2023-09-25,PREMIUM
135,Jill Lam,charlene12@example.com,2024-10-06,VIP
136,Michelle James,shawn96@example.org,2025-02-06,PREMIUM
137,Matthew Rich,russellbeasley@example.com,2024-03-12,PREMIUM
138,Jason Davis,qedwards@example.com,2025-06-04,REGULAR
139,Kara Davis,daviscolin@example.net,2024-04-06,REGULAR
140,Anthony Frye,elizabeth65@example.net,2025-05-26,VIP
141,Thomas Williams,caroline51@example.net,2024-07-13,PREMIUM
142,John Boone,megan51@example.com,2024-08-31,REGULAR
143,Sarah Villegas,lynchdiane@example.net,2024-01-20,REGULAR
144,Michael Parker,michael22@example.net,2024-10-30,REGULAR
145,Patrick Bonilla,reesejason@example.com,2024-06-04,REGULAR
146,Eric Nguyen,wareeric@example.net,2023-08-14,VIP
147,Jeremy Coleman,nperry@example.net,2023-09-30,REGULAR
148,Douglas Gregory,trose@example.org,2023-12-16,VIP
149,Mrs. Christine Dougherty,kathrynroberts@example.org,2023-07-14,PREMIUM
150,Casey James,vincentwhitaker@example.com,2023-08-30,VIP
151,Amanda Smith,atkinsbarbara@example.net,2024-04-29,REGULAR
152,Donna Sullivan,george97@example.net,2025-05-10,PREMIUM
153,Ryan Sanchez,zwarren@example.com,2025-01-03,PREMIUM
154,Richard Jones,schmidtjames@example.com,2024-03-21,VIP
155,Maria Hernandez,thomasjames@example.net,2023-10-28,PREMIUM
156,Angela Bean,kmarshall@example.net,2024-05-31,VIP
157,Kristy Reid,michelle52@example.com,2023-08-27,PREMIUM
158,Eric Hill,bellcharles@example.com,2024-06-02,VIP
159,Ronald Jones,gilbertwilliam@example.com,2024-09-04,REGULAR
160,Nancy Williams,marcalvarez@example.org,2025-06-07,VIP
161,Robert Monroe,wagnergerald@example.org,2024-12-06,VIP
162,Kelly Bishop Md,paul59@example.org,2025-02-04,REGULAR
163,Andrea Davis,umitchell@example.net,2025-06-12,VIP
164,Brittany Miller,sabrinacollins@example.net,2024-11-29,VIP
165,Kurt Hurley,angelica52@example.net,2024-12-03,PREMIUM
166,Yolanda Gaines,lucasrodney@example.com,2023-07-22,VIP
167,Trevor Peterson,ilee@example.org,2023-09-03,PREMIUM
168,Ashley Wise,stanleynancy@example.net,2023-10-12,REGULAR
169,Christopher Guerra,jenniferwilliams@example.com,2024-11-13,PREMIUM
170,Jeremy Mitchell,pyoung@example.com,2025-06-12,PREMIUM
171,Stephanie Lee,smurray@example.com,2024-07-10,REGULAR
172,Christopher Gonzalez,moniquewilliams@example.com,2025-04-07,PREMIUM
173,Ashley Singleton,mitchellkathryn@example.com,2024-06-01,REGULAR
175,James Hughes,brooksanthony@example.org,2025-03-12,VIP
176,Raven Taylor,samantha72@example.net,2024-06-15,PREMIUM
177,Susan Smith,marydunn@example.net,2024-09-25,VIP
178,Ricardo Young,williamsrobert@example.net,2024-06-06,REGULAR
179,Taylor Carlson,chenbailey@example.net,2023-10-21,VIP
180,Lucas Allen,qlopez@example.org,2024-07-25,REGULAR
181,Troy Stephens,myerstheodore@example.net,2024-04-16,VIP
182,Paul Kelly,cooperjessica@example.net,2023-09-22,PREMIUM
183,Nicole Anderson,amy27@example.net,2024-06-22,VIP
184,Chad Baldwin,mjohnson@example.org,2025-02-05,VIP
185,Emily Collins,ihays@example.com,2024-01-09,VIP
186,Cheryl Kelly,glennmartin@example.org,2025-02-11,REGULAR
187,James Gonzales,lmorgan@example.com,2024-11-25,REGULAR
188,Robert Adams,acostachristian@example.net,2025-07-04,PREMIUM
189,Edward Garcia,donna47@example.net,2024-12-13,REGULAR
190,Jeremy West,christina64@example.net,2025-06-23,VIP
191,Angela Walsh,william20@example.org,2025-03-19,VIP
192,Jessica Martinez,kimberlydiaz@example.com,2025-06-01,REGULAR
193,Christian Cole,nathan19@example.org,2024-07-29,VIP
194,Matthew Wright,johnsonjacob@example.net,2024-04-16,PREMIUM
195,Deborah Green,nlewis@example.com,2024-11-26,PREMIUM
196,Mrs. Brandy Jones Md,zosborn@example.net,2025-06-14,REGULAR
197,Miss Michelle Pierce,patricia22@example.com,2024-07-14,REGULAR
198,Curtis Taylor,jjohnson@example.net,2024-04-03,PREMIUM
199,Kristen Salazar,jonesraymond@example.net,2024-12-14,PREMIUM
200,Patricia Morrow,martinezlogan@example.org,2024-06-01,REGULAR
201,Haley Humphrey,katrinaanderson@example.net,2025-05-03,REGULAR
202,Caleb Hernandez,fernandodonovan@example.org,2024-03-17,REGULAR
203,Stephanie Singleton,james84@example.org,2024-10-07,VIP
204,Anna Davidson,georgeweber@example.net,2024-03-11,REGULAR
205,Amanda Shields,williamsdarlene@example.net,2024-01-18,REGULAR
206,Kenneth Montgomery,jimenezcourtney@example.com,2024-10-19,VIP
207,David Aguirre,eevans@example.net,2023-08-21,PREMIUM
208,John Harris,larryhiggins@example.net,2025-06-29,REGULAR
209,James Hodges,floressteven@example.com,2024-06-01,VIP
210,Anthony Dougherty,kwright@example.com,2025-05-20,REGULAR
211,Cheryl Moore,tjimenez@example.com,2023-07-25,REGULAR
212,Kathy Levy,brandywilliams@example.com,2024-07-04,VIP
213,Martha Ruiz,booneryan@example.com,2024-12-21,PREMIUM
214,Holly Morales,michaelroberts@example.com,2024-07-11,VIP
215,Diana Hays,andersoncolin@example.com,2025-02-08,REGULAR
216,Todd Fischer,carriemorales@example.org,2023-08-11,PREMIUM
217,Gary Wells,ghernandez@example.org,2024-03-04,VIP
218,Carla Ewing,brittney88@example.net,2024-06-30,VIP
220,Melissa Johnson,pbaker@example.net,2024-09-02,REGULAR
221,Lauren Jackson,rhernandez@example.org,2023-08-01,VIP
222,Ashley Smith,robert63@example.com,2024-07-09,VIP
223,Kaitlyn Charles,thorntonapril@example.net,2024-03-02,VIP
224,Kelly Edwards,stevepatel@example.net,2024-03-23,REGULAR
225,Michelle Schneider,chelsea33@example.com,2024-08-19,VIP
226,William Evans,janet75@example.com,2024-03-19,PREMIUM
227,Rebecca Hill,berryamy@example.com,2025-02-25,PREMIUM
228,Regina Roberts,stephanie15@example.com,2024-10-29,VIP
229,Cindy Clayton,sarah42@example.org,2024-09-30,VIP
230,Dana Santiago,danawilliams@example.com,2024-03-06,PREMIUM
231,Michael Taylor,richarddonovan@example.com,2024-06-21,PREMIUM
232,Victor Morris,velezchristopher@example.net,2023-12-25,VIP
233,Sarah Johnson,robertmonroe@example.org,2025-07-05,PREMIUM
234,Jon Zuniga,nancy04@example.net,2024-09-21,REGULAR
235,Frances Gibson,ismall@example.net,2024-06-14,REGULAR
236,Brian Martin,twong@example.org,2023-07-19,REGULAR
237,Edward Craig,gregorychase@example.com,2025-03-03,REGULAR
238,Angie Caldwell,tinawoods@example.org,2023-07-13,PREMIUM
239,Jeremy Adams,kevin90@example.com,2024-10-28,REGULAR
240,Amy Wilson,erik84@example.net,2023-10-02,VIP
241,Elizabeth Mendez,susanmendoza@example.com,2025-01-04,VIP
242,Jennifer Dunn,ztodd@example.net,2025-03-02,REGULAR
243,Melanie Larson,foxallison@example.com,2023-09-04,VIP
244,Amy Kelley,ashleyhernandez@example.com,2025-03-23,REGULAR
245,Michael Love,gdavis@example.com,2025-02-18,REGULAR
246,Jose Bryant,hansenemily@example.com,2024-12-17,REGULAR
247,Robert Reese,williamsmelvin@example.org,2024-08-07,VIP
248,Steven Andersen,ajohnson@example.org,2025-01-20,VIP
249,Veronica Brewer,ybrooks@example.com,2025-04-03,REGULAR
250,Jaime Vega,desireebailey@example.org,2025-07-02,REGULAR
251,Cameron Irwin,avilatiffany@example.com,2024-11-11,REGULAR
252,Kim Morrow,stevenmoore@example.org,2025-05-23,REGULAR
253,Ashley Pacheco,bmendez@example.org,2023-12-06,PREMIUM
254,Andrew Harper,sanchezbradley@example.com,2023-12-27,REGULAR
255,Scott Brown,jim95@example.net,2024-09-17,VIP
256,Erica Turner,valerieboyd@example.com,2024-02-13,REGULAR
257,Travis Hobbs,conniesimmons@example.com,2023-08-12,PREMIUM
258,Mason James,heather62@example.com,2024-04-08,VIP
259,Kara Atkinson,meredith27@example.org,2024-08-22,PREMIUM
260,Kristin Anderson,jonathanrivera@example.org,2025-05-12,REGULAR
261,Anna Hardy,brettbennett@example.net,2024-09-21,VIP
262,Chelsea Gill,timothybooth@example.com,2024-02-15,REGULAR
263,Christy Lee,burgesskaren@example.org,2024-11-27,VIP
264,Jennifer Allen,kimberly67@example.net,2024-10-24,VIP
265,Ian Andrade,ugarcia@example.com,2025-01-14,VIP
266,Dale Edwards,hartjeffrey@example.org,2023-07-20,PREMIUM
267,Lauren Cortez,elijah53@example.com,2024-08-27,REGULAR
268,Juan Harding,jonathan77@example.com,2023-11-08,PREMIUM
269,Caroline Cortez,iwhite@example.net,2025-06-06,PREMIUM
270,Sara Jones,duranrobert@example.net,2023-12-24,REGULAR
271,Alexa Wagner,bruce97@example.net,2024-06-29,REGULAR
272,Juan Smith,amanda40@example.net,2025-02-21,REGULAR
273,Renee Browning,hullalice@example.org,2023-11-26,VIP
274,Robin Adams,zmiller@example.com,2024-08-24,PREMIUM
275,Courtney Sutton Dvm,davisnicholas@example.net,2024-06-20,PREMIUM
276,Michele Miller,vnewman@example.net,2025-06-21,PREMIUM
277,Stephanie Ellison,jasonparrish@example.net,2024-06-20,PREMIUM
278,Benjamin Frost,whitemelissa@example.org,2025-06-09,PREMIUM
279,Nicole Marquez,thickman@example.org,2024-08-23,VIP
280,Sarah Rhodes,patrick21@example.net,2025-01-03,REGULAR
281,Brent Hall,petersonkayla@example.net,2024-04-23,VIP
282,Alyssa Nelson,whenry@example.net,2025-05-26,VIP
283,Michael Guerrero,bartonkenneth@example.org,2024-12-10,VIP
284,Christian Dawson,jodistewart@example.org,2023-09-13,REGULAR
285,Jill Juarez,andersonjacob@example.com,2024-08-18,REGULAR
286,Ashley Davis,carlsonkristen@example.com,2023-07-18,PREMIUM
287,Richard Hardy,ashleyjackson@example.com,2023-11-09,VIP
288,Derrick Thomas,ryanfisher@example.com,2025-01-30,PREMIUM
289,Tony Le,mwheeler@example.com,2023-09-25,REGULAR
290,Travis Cook,vbrock@example.com,2024-03-09,REGULAR
292,Vincent Novak,jessica79@example.org,2024-03-02,REGULAR
293,Richard Diaz,brittanygardner@example.net,2025-01-19,VIP
294,Nicholas Hahn,samuelcarter@example.net,2023-08-28,PREMIUM
295,Rebecca Chambers,cynthiaallen@example.net,2023-10-29,REGULAR
296,James Cole,iaguilar@example.net,2025-05-13,PREMIUM
297,Jennifer Johnson,jacqueline89@example.net,2025-05-06,REGULAR
298,David Ortega,deborahwilliams@example.net,2024-11-14,PREMIUM
299,Paul Sheppard,grodriguez@example.com,2023-12-18,PREMIUM
300,Kristin Watts,seanmyers@example.net,2024-09-10,REGULAR
301,Haley Johnson,phillipssamantha@example.org,2023-10-01,REGULAR
302,Brenda Collins,hmueller@example.com,2024-03-19,PREMIUM
303,Nathan Chavez,evanslisa@example.org,2023-07-25,VIP
304,Brian Marsh,zacharyarnold@example.com,2024-08-20,REGULAR
305,Crystal Sullivan,jacobsandoval@example.com,2023-07-30,REGULAR
306,Christina Vargas,nsmith@example.org,2024-01-28,VIP
307,Rebecca Ray,michaelgonzalez@example.org,2024-01-16,VIP
308,Kelsey Fowler,lcarr@example.org,2024-03-18,REGULAR
309,Lisa Cervantes,samantha91@example.net,2023-10-14,REGULAR
310,Eric White,williambarnes@example.org,2024-08-31,REGULAR
311,John Medina,angelaburns@example.org,2023-11-22,REGULAR
312,Lisa Glenn,washingtonjames@example.com,2025-06-11,PREMIUM
313,Kathleen Cohen,cmckinney@example.com,2023-11-08,PREMIUM
314,Rebecca Walker,hillamanda@example.org,2025-01-28,PREMIUM
315,Patricia Simpson,armstrongjoseph@example.net,2025-02-28,REGULAR
316,Rodney Williams,bpayne@example.org,2024-12-27,PREMIUM
317,Danielle Golden,colemichael@example.org,2024-05-24,REGULAR
318,Patricia Young Phd,michelle96@example.org,2024-09-30,REGULAR
319,Robin Trujillo,amanda98@example.org,2024-03-01,PREMIUM
320,Donna Adams,taylorkaren@example.com,2025-05-09,REGULAR
321,Sharon Martinez Dvm,dustinmorris@example.org,2025-01-14,PREMIUM
322,Katherine Ray,courtney67@example.org,2024-10-13,PREMIUM
323,Anna Robertson,heather57@example.com,2024-03-03,PREMIUM
324,Raymond Oconnor,sreid@example.com,2025-03-20,PREMIUM
325,Jennifer Donaldson,troymorris@example.com,2024-03-11,PREMIUM
326,Kylie Washington,patricia00@example.org,2024-10-08,VIP
327,Alexis Noble,scottsmith@example.com,2023-12-03,VIP
328,Bonnie Santos,nancymcdowell@example.org,2024-10-28,VIP
329,Jacob Mckee,brettgarrett@example.net,2024-11-30,VIP
331,Alexandra Dominguez,mcneilrobert@example.org,2024-06-21,PREMIUM
332,Brandon Shaffer,edwardsnicole@example.org,2024-04-13,REGULAR
333,Shelly May,caseyelliott@example.net,2024-10-25,REGULAR
334,Nathan Fuller,samanthajensen@example.com,2025-03-27,PREMIUM
335,Brian Goodwin,bbell@example.com,2025-02-05,REGULAR
336,Matthew Wright,kimberly04@example.org,2024-07-20,REGULAR
337,Nicole Phillips,bowerslaura@example.org,2024-07-04,VIP
338,Jonathan Wheeler,hatfieldsarah@example.org,2024-04-16,VIP
339,Jennifer Payne,kathrynbest@example.org,2023-07-21,VIP
340,Dennis Williams,fryraymond@example.com,2024-10-09,REGULAR
341,Jennifer Miles,davidsonamanda@example.org,2024-01-27,VIP
342,Jorge Harris,amandamyers@example.net,2025-01-16,PREMIUM
343,Maria Collins,pblair@example.org,2024-01-03,REGULAR
345,Chad Smith,hbenton@example.net,2025-01-30,VIP
346,Carol Martinez,jessica10@example.com,2025-02-17,PREMIUM
347,Austin Joseph,crawfordwilliam@example.org,2024-07-07,VIP
348,Holly Scott,shannonemily@example.org,2023-12-22,VIP
349,Amanda Roy,brandoncox@example.org,2023-11-16,REGULAR
350,Amanda Pratt,pwalker@example.com,2025-05-07,REGULAR
351,Roger Duncan,shawrachel@example.org,2023-12-18,VIP
352,Amber Morales,xcline@example.com,2024-03-03,REGULAR
353,Aimee Gonzalez,jodi37@example.com,2024-09-12,REGULAR
354,Raymond Gonzalez Dvm,edwardrandolph@example.org,2023-12-26,REGULAR
355,Ryan Wiley,aaron64@example.org,2023-12-05,VIP
356,Mrs. Tonya Kaufman,jenniferdavis@example.org,2025-04-24,REGULAR
357,Mercedes Watson,carpenterwilliam@example.net,2025-02-26,VIP
358,Keith Graham,joelgreen@example.com,2025-05-15,REGULAR
359,Ronnie Nguyen,enelson@example.org,2023-10-16,PREMIUM
360,Ashley Garcia,aowens@example.org,2024-08-03,REGULAR
361,Christine Parker,melissa12@example.net,2024-02-16,VIP
362,Lindsey Lewis,eddie35@example.com,2024-07-17,REGULAR
363,Debbie Ewing,cranemelissa@example.net,2025-01-05,VIP
364,Joel Lara,davidbrown@example.org,2023-10-12,VIP
365,Jacqueline Mccoy,aguilarjonathan@example.org,2023-07-24,REGULAR
366,Steven Ramos,christopherboone@example.com,2023-10-06,VIP
367,Amber Glass,zunderwood@example.com,2023-07-30,REGULAR
368,Carrie Lewis,joshuagriffin@example.org,2023-08-03,PREMIUM
369,Danielle Phillips,eandrade@example.org,2023-09-11,VIP
370,Jason Day,crystalpham@example.org,2025-06-30,VIP
371,Heather Stephens,kcooper@example.net,2024-02-28,VIP
372,Alexander Harper,huangkimberly@example.org,2025-02-18,VIP
373,Hunter Silva,terrigarcia@example.net,2024-01-01,PREMIUM
374,Raven Mclaughlin,barbaramcgrath@example.com,2024-03-24,PREMIUM
375,Sarah Thompson,linda59@example.org,2024-12-03,REGULAR
376,Keith Thomas,marycochran@example.com,2024-08-07,VIP
377,Andrew Brown,andrewwoods@example.com,2025-05-09,VIP
378,Carlos Love,brian29@example.net,2025-05-08,PREMIUM
379,Sarah Valencia,brookssheri@example.com,2024-09-08,REGULAR
380,Frank Daugherty,fconner@example.net,2024-02-25,PREMIUM
381,Kristina Preston,jeffrey92@example.com,2024-02-17,PREMIUM
382,Bethany Daniel,xrosales@example.net,2023-08-01,REGULAR
383,Tammy Ponce,daniellegarcia@example.com,2023-10-19,VIP
384,Cynthia Haas,daisymccarty@example.net,2024-11-09,VIP
385,Gabriela Smith,johnjones@example.com,2025-02-02,PREMIUM
386,Amber Kim,acosta@example.com,2025-04-12,PREMIUM
387,James Poole,franciscojones@example.org,2024-02-09,PREMIUM
388,Trevor Jones,pamelamartin@example.org,2024-08-11,REGULAR
389,Anna Wheeler,bbush@example.net,2023-11-06,REGULAR
390,Brooke Garcia,terriortiz@example.net,2024-12-17,PREMIUM
391,Deborah Campbell,codylong@example.net,2025-03-13,VIP
392,Isaac Patterson,madison97@example.org,2023-09-17,VIP
393,Mark Rowland,tanthony@example.com,2024-06-16,REGULAR
394,Deborah May,ylopez@example.com,2023-11-22,REGULAR
395,Jeremiah Baker,anne21@example.org,2024-11-07,VIP
396,Jennifer Avila,angelarandall@example.net,2024-05-09,REGULAR
397,Sharon Wells,thomasmiller@example.net,2023-08-03,VIP
398,Kellie Duncan,davidtodd@example.org,2025-05-31,PREMIUM
399,Daniel Lee,hendersonvanessa@example.com,2023-12-03,REGULAR
400,Brittany Larson,renee11@example.com,2024-08-18,PREMIUM
401,Shannon Stone,buchanancindy@example.net,2025-01-29,REGULAR
402,Chase Knight,buckleyanna@example.org,2025-02-01,REGULAR
403,Sheryl Humphrey,patrick79@example.net,2024-06-18,PREMIUM
404,Jamie Montgomery,vwilliams@example.net,2023-12-29,PREMIUM
405,Tammie Prince,morganlaura@example.com,2024-01-29,REGULAR
406,Michael Garcia Phd,kevinmanning@example.com,2024-01-21,PREMIUM
407,Matthew Lopez,robinrussell@example.com,2025-01-13,VIP
408,Samantha Robertson,cameronmckinney@example.com,2023-10-16,VIP
409,Sherry Johnson,nancygonzalez@example.org,2024-01-07,PREMIUM
410,Thomas Bush,micheal78@example.com,2024-10-14,VIP
411,Andre Watson,ethompson@example.net,2024-08-14,VIP
412,Ryan Green,mitchellpaul@example.org,2025-03-23,VIP
413,Cindy Walker,ericaadams@example.com,2024-07-17,REGULAR
414,Tracy Fleming,pbuck@example.org,2024-09-19,VIP
415,David Trujillo,jennifer46@example.com,2025-03-21,VIP
416,Daniel Turner,asilva@example.net,2025-07-07,PREMIUM
417,Sara Hoffman,kenneth17@example.org,2024-03-10,VIP
418,Frederick Hill,jacob83@example.org,2025-02-15,REGULAR
419,Lindsay Guerrero,jenniferrios@example.com,2024-01-14,REGULAR
420,James Johnson,matthewreeves@example.net,2024-08-02,PREMIUM
421,Susan Powers,megan82@example.com,2023-09-18,REGULAR
422,David Stokes,staceylam@example.net,2023-09-12,REGULAR
423,Patrick Parker,nathan94@example.com,2025-03-21,VIP
424,Sean Silva,kennedyjames@example.org,2025-04-02,VIP
425,Edwin Brown,derrickgonzalez@example.com,2025-06-28,REGULAR
426,Victoria Thomas,kimberlyfreeman@example.net,2025-06-28,PREMIUM
427,Anthony Hayes,kathleenjackson@example.org,2024-06-30,PREMIUM
428,Anita Mendez,epowell@example.com,2023-07-12,VIP
429,Monica Dodson,katherine83@example.org,2024-11-14,REGULAR
430,Danielle Steele,larry16@example.net,2024-09-10,VIP
431,Rodney Evans,stephen89@example.net,2024-03-11,PREMIUM
432,Whitney Cooper,mhoward@example.org,2025-05-31,REGULAR
433,Jennifer Perez,jasonjohnson@example.net,2023-11-09,VIP
434,Matthew Johnson,kelsey90@example.net,2025-07-04,VIP
435,Martha Smith,butleromar@example.net,2024-01-09,PREMIUM
436,Christine Jennings,turnerdorothy@example.net,2024-07-22,VIP
437,Mercedes Barnes,huntchristine@example.com,2023-09-30,PREMIUM
438,Craig Gonzalez,marie35@example.net,2024-05-03,PREMIUM
439,Joshua Lozano,arivera@example.org,2024-11-10,REGULAR
440,Sara Caldwell,stacychan@example.org,2024-12-18,REGULAR
441,David Hall,joseph01@example.org,2025-04-07,VIP
442,Heather Rhodes,grodgers@example.org,2023-07-16,PREMIUM
443,Matthew Murphy,rfriedman@example.net,2023-09-14,PREMIUM
444,Catherine Morales,ynelson@example.net,2025-03-20,REGULAR
445,Mariah Robles,andersonjessica@example.org,2023-09-22,REGULAR
446,Karen Carroll,ywhite@example.com,2024-09-27,PREMIUM
447,Sheryl Acosta,timothyfreeman@example.com,2024-05-25,REGULAR
448,Matthew Smith,tiffanysantiago@example.com,2024-07-21,VIP
449,Lisa Reynolds,timothyalvarado@example.net,2024-04-14,PREMIUM
450,Kristin Huerta,smithsarah@example.net,2025-03-19,REGULAR
451,Sheila Jones,vflores@example.com,2023-08-14,VIP
452,Mason Powell,christianwallace@example.net,2024-05-31,PREMIUM
454,Joshua Petersen,pamela83@example.net,2024-11-10,VIP
455,Heidi Brown,meganrivera@example.net,2024-09-18,PREMIUM
456,Heidi Chavez,malonejeffrey@example.com,2024-03-24,VIP
457,Rebecca Kelley,jacqueline02@example.com,2023-10-19,REGULAR
458,Mikayla Rodriguez,jacobconrad@example.com,2023-12-13,REGULAR
459,Cheryl Morgan,owilliams@example.net,2024-09-10,REGULAR
460,Joanna Barrett,tamarasmith@example.net,2023-08-13,VIP
461,Sara Webb,heatherthompson@example.org,2023-09-22,REGULAR
462,Lisa Morris,mbarnes@example.net,2025-01-15,VIP
463,Victor Waller,iballard@example.com,2024-09-20,REGULAR
464,Kayla Cameron,jennifer83@example.org,2023-12-09,PREMIUM
465,Melissa Morse,tinasantos@example.org,2024-07-10,VIP
466,Erica Wilson,anna99@example.net,2024-12-08,VIP
467,Stephanie Ferguson,hstokes@example.org,2023-07-27,REGULAR
468,Michael Gonzalez,tonyavega@example.org,2025-03-12,PREMIUM
469,Elizabeth Molina,howardshaun@example.net,2025-04-02,REGULAR
470,Sharon Newton,yyoung@example.net,2024-02-03,REGULAR
471,Tammy Hughes,tammy00@example.net,2024-01-08,PREMIUM
472,Priscilla Berg,rhondabush@example.net,2024-04-02,PREMIUM
473,Nancy Gonzalez,kellythompson@example.net,2023-09-01,REGULAR
474,Nancy Wilson,pattersonangela@example.org,2023-11-03,PREMIUM
475,Abigail Owens,billmcfarland@example.net,2023-08-15,REGULAR
476,Lisa Stanley,jtyler@example.com,2023-08-31,VIP
478,Daniel Lewis,mark43@example.net,2024-07-30,VIP
479,Samantha Zavala Md,sean99@example.org,2025-06-07,REGULAR
480,Erica Moon,cruzamber@example.com,2023-07-27,PREMIUM
481,Patricia Robertson,stucker@example.net,2023-11-26,VIP
482,Tiffany Jackson,simsjason@example.net,2025-01-23,PREMIUM
483,Jessica Garcia,elucas@example.net,2024-11-20,VIP
484,Mitchell Johnson,brownlaura@example.net,2023-08-29,VIP
486,Kimberly May,avilabrenda@example.net,2025-03-19,REGULAR
487,Jonathan Roberts,catherine47@example.com,2024-04-22,REGULAR
488,Kara Ferguson,julierobles@example.net,2024-02-09,REGULAR
489,Elizabeth Eaton,susan08@example.net,2023-10-20,PREMIUM
490,Kenneth Long,torreskaitlin@example.net,2024-03-16,REGULAR
491,Matthew Hunt,jackjensen@example.com,2023-11-27,REGULAR
492,Robert Phelps,enewman@example.com,2024-11-10,VIP
493,Craig Carpenter,michael31@example.com,2024-10-03,PREMIUM
494,Emily Hayes,heather29@example.net,2024-03-31,PREMIUM
495,Jeffrey Smith,kristenjoseph@example.net,2024-05-22,VIP
496,Brandy Quinn,wford@example.com,2024-06-28,VIP
497,Matthew Miller,michele28@example.org,2024-01-17,REGULAR
498,Angela Jones,atkinsoncrystal@example.net,2024-09-03,PREMIUM
499,Christy Johnson,amy87@example.net,2025-01-24,REGULAR
500,Daniel Barton,dennis88@example.org,2024-04-23,VIP
501,Mary Charles,katherinetaylor@example.org,2023-11-16,REGULAR
502,Mary Faulkner,ccrosby@example.org,2025-01-14,PREMIUM
503,Dennis Young,aprilmoody@example.com,2024-06-15,REGULAR
504,Anthony Hooper,dakota84@example.net,2024-01-17,PREMIUM
505,Carrie Valdez,briana18@example.com,2024-04-08,REGULAR
506,Kelli Gomez,tommy79@example.org,2024-07-09,REGULAR
507,Christopher Jones,jason22@example.com,2024-09-20,PREMIUM
508,Mary Perry,jennifer77@example.com,2023-12-09,PREMIUM
509,Roy Johnson,andersonbrittany@example.org,2024-10-10,PREMIUM
510,Kenneth Brown,sandra86@example.net,2025-06-15,REGULAR
511,Sherry Luna,stacey37@example.net,2025-07-02,REGULAR
512,Carolyn Greer,laurahoover@example.org,2024-10-05,REGULAR
513,Carol Jennings,ecarlson@example.org,2024-04-10,VIP
514,Alan Mills,mserrano@example.org,2023-11-15,REGULAR
515,Linda Rich,davisdonna@example.net,2024-08-05,PREMIUM
516,Todd Gregory,xboyd@example.org,2024-11-29,PREMIUM
517,Todd Olson,zbell@example.net,2025-05-01,PREMIUM
518,Laura Coleman,thomas31@example.com,2024-09-17,REGULAR
519,Deanna Smith,lanedavid@example.org,2024-04-07,PREMIUM
520,Robert Ortiz,mooredenise@example.com,2024-01-15,PREMIUM
521,Krystal Carr,afischer@example.net,2025-01-31,VIP
522,Mr. Justin King,becky62@example.net,2023-10-03,VIP
523,Richard Avery,lewisrichard@example.com,2025-02-12,PREMIUM
525,Kyle Davis,jeffrey19@example.org,2024-12-18,VIP
526,Jennifer Douglas,jennifer90@example.org,2024-10-18,PREMIUM
527,Dakota Sandoval,james98@example.net,2024-11-29,REGULAR
529,James Willis,mclaughlincasey@example.org,2024-08-13,PREMIUM
530,Kristin Aguilar,sylvia43@example.net,2025-06-11,REGULAR
531,Jared Smith,richardrodriguez@example.org,2024-07-10,VIP
532,Bruce Palmer,nancy94@example.net,2024-05-27,PREMIUM
533,John Sanchez,susan77@example.net,2025-03-29,REGULAR
534,Mr. James Kramer,ericahall@example.com,2024-05-05,REGULAR
535,Joseph Haynes,john16@example.net,2025-01-05,VIP
536,Justin White,michael94@example.org,2025-05-30,PREMIUM
537,Susan Porter,jimmyallen@example.com,2023-12-06,PREMIUM
538,David Montgomery,kimberlywilson@example.org,2024-11-13,VIP
539,Lisa Duran,charlesnathan@example.com,2024-07-02,PREMIUM
540,Dr. Sheila Henry,raymond92@example.org,2024-07-26,PREMIUM
541,Todd Johnson,phillip27@example.org,2024-11-29,VIP
542,Michael Smith,nicolasgarcia@example.com,2024-09-28,VIP
543,Joshua Young,vmullen@example.com,2023-11-20,REGULAR
544,Jason Goodwin,melissa47@example.org,2024-08-29,PREMIUM
545,Melissa Olsen,linda86@example.com,2023-11-29,VIP
546,Nancy Kennedy,thompsonvictor@example.net,2024-07-20,REGULAR
547,Rachel Evans,rosshannah@example.org,2023-12-13,PREMIUM
548,Ryan Davis,jordan58@example.net,2025-05-19,REGULAR
549,Alejandro Martinez,barbarasantos@example.net,2023-11-13,VIP
550,Heather Nunez,champton@example.org,2024-04-12,PREMIUM
551,Mark Thomas,daniellemcfarland@example.com,2024-10-11,REGULAR
552,Sarah Jones,matthewedwards@example.net,2024-02-06,VIP
553,Matthew Nelson,xnorman@example.net,2024-09-09,VIP
554,Jennifer White,martinezjimmy@example.com,2025-05-25,VIP
555,Angela Jackson,davissharon@example.com,2024-08-12,VIP
556,James Hubbard,garciachristine@example.org,2024-10-29,VIP
557,Ellen Wright,scott22@example.net,2025-03-12,VIP
558,Matthew Dalton,michelle78@example.com,2024-08-12,VIP
559,Travis Ryan,owelch@example.net,2024-05-21,REGULAR
560,Kimberly Stout,zfernandez@example.org,2024-05-26,PREMIUM
561,David Torres,millskatherine@example.org,2024-03-16,PREMIUM
562,Adam Weeks,xevans@example.com,2025-02-10,REGULAR
563,Rebecca Kelley,robertcastro@example.com,2024-01-07,VIP
564,Maria Clayton,josehenderson@example.org,2024-07-20,PREMIUM
565,Lisa Benson,justin84@example.com,2023-11-23,VIP
566,Chad Rodriguez,rwilliamson@example.net,2024-10-05,PREMIUM
567,Alec Williams,lopezcurtis@example.com,2023-10-08,VIP
568,Adam Davis,snydermatthew@example.com,2025-02-01,REGULAR
569,Mr. Michael Johnson Jr.,brianrowe@example.org,2024-08-08,VIP
570,Steven Wright,hclayton@example.net,2024-01-06,PREMIUM
571,Jessica Rojas,gonzalezjill@example.org,2024-07-23,VIP
572,Mrs. Melanie Collins,eric08@example.net,2023-10-06,PREMIUM
573,Mr. Isaac Williams,teresayoung@example.com,2024-03-01,VIP
574,Donald Wilson,albertwilliams@example.net,2024-06-19,PREMIUM
575,Jacqueline Davis,vincentparks@example.com,2025-05-18,PREMIUM
576,Lori Brown Dds,martinezjesse@example.net,2025-02-03,PREMIUM
577,Renee Gonzales,andrewgray@example.net,2023-10-15,VIP
578,Karina Kim,amy73@example.net,2023-11-22,PREMIUM
579,Nicholas Hill,caseymoore@example.com,2025-02-26,VIP
580,Jordan Parsons,bgross@example.net,2025-03-25,REGULAR
581,Cynthia Le,rlee@example.com,2025-01-17,REGULAR
582,Douglas Ortiz,daniel81@example.org,2025-03-09,PREMIUM
583,Shane Harris,clee@example.net,2024-10-19,VIP
584,John Hanson,brandon39@example.net,2023-08-29,PREMIUM
585,Christine Henry,mcdonalddanielle@example.com,2024-08-19,VIP
586,Jennifer Wood,colonjoseph@example.org,2024-12-26,VIP
587,Angela Lewis,garciajerry@example.com,2023-11-24,REGULAR
588,Danielle Garrett,angelagrant@example.net,2023-09-24,VIP
589,Heather Ellis,kandrade@example.org,2024-08-13,VIP
590,Mary Ferguson,umahoney@example.net,2025-07-01,PREMIUM
591,Jacob Duran,umckenzie@example.net,2023-12-31,PREMIUM
592,Jaime Pierce,michael77@example.com,2023-07-09,VIP
593,Duane Smith,victoriaturner@example.com,2025-06-26,REGULAR
594,Ethan Ingram,samantha88@example.net,2025-05-14,PREMIUM
595,Andrew Kelly,josephpreston@example.org,2023-12-26,PREMIUM
596,Anna Ross,jessicacummings@example.com,2023-11-12,REGULAR
597,Melissa Johnston,larsonkevin@example.net,2025-02-18,PREMIUM
598,Richard Weeks,michael66@example.org,2025-04-03,VIP
599,Matthew Guzman,walterscrystal@example.org,2024-02-16,VIP
600,Joshua Hernandez,ericnunez@example.com,2025-06-16,VIP
