item_id,order_id,product_id,quantity,unit_price,discount_percent
1,1008,1,1,4283.51,26
2,591,376,4,10320.99,23
3,276,102,4,11000.86,7
4,436,96,2,3633.03,11
5,393,133,4,26499.75,39
6,341,41,3,5233.85,7
7,701,16,5,14163.33,31
8,207,5,1,16038.24,0
10,1066,493,3,55934.49,30
12,491,482,3,39938.19,24
13,730,448,3,48395.59,0
14,823,372,2,1638.26,7
15,573,487,2,22168.95,39
16,974,264,4,39647.68,0
17,660,9,3,52418.73,20
18,479,311,4,24069.89,39
19,714,220,4,59213.6,6
20,602,311,2,42745.32,33
22,1124,448,4,10166.37,28
23,988,340,5,14530.01,13
26,976,488,1,39962.03,34
27,1008,47,3,52329.24,36
28,133,330,3,22682.92,24
29,1151,495,4,48526.0,14
30,596,45,1,5439.45,37
31,238,294,3,7732.31,20
32,1182,378,1,18716.85,37
33,795,217,3,46299.73,8
34,455,55,4,650.39,29
35,608,429,2,30039.98,29
36,581,75,1,35972.93,19
37,253,141,5,28749.14,13
38,772,31,3,9246.86,13
39,461,359,1,55397.16,11
40,803,154,2,59464.69,35
41,866,348,4,59419.83,25
42,1082,373,3,17013.61,12
43,1123,202,1,7940.95,37
44,111,436,3,27506.2,10
45,905,357,4,17535.79,9
46,401,377,1,21797.32,36
47,303,193,4,40798.77,10
48,197,183,4,10860.01,3
49,1056,333,3,35644.2,9
50,828,126,1,7216.27,25
51,354,335,4,46573.4,5
52,783,141,4,22102.65,7
53,250,251,5,13573.61,37
54,1173,246,3,41654.18,6
55,371,197,4,59997.26,27
56,257,51,3,3903.55,34
57,41,202,5,49066.02,33
58,1063,429,5,32385.01,7
59,425,495,1,10921.78,38
60,11,285,4,48050.73,7
61,1178,106,2,5360.47,16
62,72,44,1,30418.28,23
63,352,217,1,14975.39,2
64,1064,464,3,39583.54,28
65,1005,356,3,31407.71,22
66,1046,108,1,39790.76,2
69,865,39,5,15372.55,24
70,335,205,4,5086.92,16
71,294,275,2,4326.43,17
72,395,366,3,33862.17,32
73,860,421,2,19049.98,27
74,507,40,3,7564.81,7
75,834,34,3,38446.63,23
76,560,75,2,16491.44,6
77,456,194,1,46985.74,7
78,628,302,4,5822.88,22
79,578,283,3,36487.27,3
80,798,93,3,48384.49,34
81,825,245,5,7741.57,0
82,319,337,2,8645.94,36
83,109,471,3,42479.39,15
84,857,362,4,11067.96,22
86,469,157,1,56852.53,26
87,185,325,1,4693.92,15
88,339,295,1,5166.65,18
89,1010,414,1,57733.76,27
90,280,246,4,30949.19,34
91,831,8,5,11492.02,0
92,1095,384,3,14729.15,33
93,87,311,4,57882.38,33
94,359,39,3,50380.6,32
97,990,151,3,12862.65,40
98,446,473,3,55753.63,32
99,73,479,4,53560.39,31
100,13,316,4,19780.25,22
101,717,456,2,24183.88,0
102,1008,102,1,31792.88,9
103,999,4,2,46189.91,16
104,810,192,3,21933.29,11
105,552,56,4,39411.15,28
106,725,383,4,448.03,12
107,584,21,2,23733.31,21
108,329,342,2,56907.71,17
109,1002,282,4,48009.22,8
110,819,257,4,7971.92,6
111,259,80,3,30050.06,15
112,701,220,5,44272.15,27
113,578,249,1,45677.9,15
114,1048,96,2,16940.22,7
115,507,342,4,11984.91,6
117,305,118,1,8024.52,2
118,394,476,2,25635.55,39
120,455,173,4,28803.79,32
121,106,156,1,16227.84,17
122,857,127,3,53716.86,11
123,107,339,3,12797.46,30
124,207,221,2,15210.56,31
125,624,58,1,40169.96,35
127,1084,310,3,14371.31,17
129,391,99,4,55537.49,4
130,703,155,4,59379.71,12
131,315,23,2,11583.23,35
132,1148,500,3,53705.29,28
133,241,467,4,4155.74,26
134,1032,405,1,10099.41,17
135,265,149,1,57352.6,3
136,390,380,4,29752.05,34
137,154,85,4,45068.59,24
138,800,206,-5,16362.5,11
139,1172,112,5,41833.63,32
140,1076,133,3,51163.26,18
142,81,328,2,56528.56,17
143,554,448,1,38580.55,15
144,431,274,1,183.86,22
145,756,167,1,56791.03,35
146,274,210,5,17764.23,3
147,22,422,3,13234.85,17
148,33,276,5,6475.92,24
149,528,446,5,33097.58,28
150,551,105,5,37825.06,25
151,475,374,4,22181.54,30
152,372,236,2,48954.32,11
153,1005,483,2,38889.1,1
155,148,219,2,27355.95,25
156,1079,71,1,36237.28,24
157,226,424,1,45830.4,2
158,172,138,-2,56322.04,38
159,20,491,1,32587.97,21
160,175,104,2,28877.48,36
161,335,158,3,28786.61,15
162,548,322,5,7472.22,2
163,608,53,5,53198.77,26
164,460,13,2,25685.41,9
165,588,116,4,41237.3,7
166,226,115,1,57392.34,18
167,684,61,3,55406.84,5
168,310,92,4,31875.79,38
169,871,77,3,37523.02,18
170,213,139,4,39737.73,16
171,157,404,1,51716.67,9
172,301,164,2,23496.91,30
173,232,296,4,57579.16,17
174,662,66,2,46075.37,22
175,869,247,4,36144.41,40
176,504,197,4,33005.42,34
177,1091,275,2,23139.17,37
178,1080,296,2,42215.29,15
179,417,436,1,21807.67,30
180,226,31,3,21715.43,8
181,296,428,5,58311.99,26
182,460,29,2,7122.42,9
183,54,357,4,22363.89,6
184,152,245,5,52241.57,1
185,290,41,2,4716.21,36
186,853,77,2,28238.91,8
187,614,241,4,43381.19,28
188,28,147,1,9437.65,2
189,356,258,2,750.97,27
190,931,284,3,55157.1,32
191,466,217,2,16382.47,5
192,257,381,2,24084.11,3
193,377,422,5,36344.5,4
194,960,245,3,39196.73,25
195,338,28,3,38834.17,12
196,214,40,-3,36231.09,21
197,578,84,5,6477.23,13
198,634,97,5,12183.38,2
199,175,292,5,2787.98,30
200,645,48,3,607.88,22
201,816,257,2,18936.9,25
202,266,360,1,19945.96,32
203,308,13,5,47784.55,30
204,77,149,2,9177.11,29
205,192,488,2,53075.68,9
206,330,494,5,31026.42,38
207,700,230,2,20407.34,23
208,883,21,4,14422.73,39
209,313,291,4,5934.62,0
210,634,281,1,29984.84,29
211,606,83,1,16879.03,23
212,146,92,4,15550.85,30
213,906,333,2,56395.79,36
214,745,440,3,24116.26,39
215,265,226,3,30797.51,39
216,766,43,4,30405.95,16
217,88,318,1,44488.45,15
218,1149,5,2,51198.28,18
219,1168,205,1,13460.77,29
220,715,239,4,38584.82,29
221,370,375,1,55055.88,25
222,409,206,3,3961.84,21
223,996,109,4,6948.15,29
224,319,486,4,8816.28,13
225,65,308,4,3837.78,23
226,970,110,1,12768.42,1
227,867,139,3,38177.67,5
228,561,208,1,17970.37,28
229,1075,110,3,11126.29,3
230,878,176,3,9955.54,22
231,987,244,5,41360.95,10
232,895,182,5,23409.36,0
233,407,40,5,37029.09,20
234,649,8,2,53800.42,9
235,649,59,4,15841.88,0
236,258,325,4,38371.09,37
237,448,382,2,25268.55,34
238,774,111,3,12664.81,12
239,1182,490,-1,22278.36,23
240,629,258,1,41989.1,29
241,721,181,5,25608.37,21
242,361,235,4,22449.98,35
243,1112,224,4,17173.17,27
244,204,45,1,5469.31,1
245,843,54,4,45021.63,39
247,862,109,2,46635.13,35
248,401,439,4,57038.03,22
249,951,212,4,555.55,23
250,1040,146,3,52788.47,16
251,850,345,2,349.04,26
252,54,79,3,50462.1,33
253,651,172,2,57553.72,27
254,802,99,5,38701.62,3
255,1184,220,2,56369.56,24
256,356,207,3,31084.9,27
257,259,259,1,37923.32,25
258,533,429,5,9627.28,20
259,192,14,4,791.13,37
260,1114,472,1,34350.45,1
261,268,233,3,11274.65,14
262,1097,431,2,43606.13,24
263,106,141,-1,56105.06,40
264,1187,444,1,6744.8,38
266,741,468,2,23508.93,31
267,848,38,4,57557.11,4
268,860,193,3,38049.75,28
269,369,153,1,54227.93,36
270,65,61,3,59625.0,30
271,1120,3,2,31352.74,16
272,395,311,1,32203.66,33
273,313,111,-3,6975.83,13
274,284,113,1,43691.86,8
275,987,103,1,20978.35,35
276,957,382,4,26220.11,25
277,513,89,2,41254.74,17
278,211,299,5,18763.95,13
279,1000,222,4,25481.87,17
280,221,311,4,25815.85,36
281,132,231,2,53378.04,32
282,840,151,5,49618.52,33
283,62,59,2,48561.52,27
284,733,126,1,12989.53,23
285,644,63,1,19183.49,0
286,438,239,5,47734.84,14
287,790,146,5,12809.29,13
288,570,367,5,56781.64,4
289,864,350,4,19135.22,20
290,102,411,4,29969.19,17
291,255,232,2,36125.7,37
292,1181,11,3,1168.39,36
293,946,146,2,50514.41,25
294,1093,471,5,2443.3,1
295,195,425,4,43422.89,17
296,709,205,1,33431.37,20
297,97,202,3,41817.77,29
298,249,432,-3,56268.45,6
299,98,423,1,8410.19,20
300,893,116,2,5372.2,23
302,624,39,3,19826.81,39
303,778,139,2,55499.02,37
304,259,164,2,45206.79,26
305,251,268,5,14507.35,30
306,575,165,4,13627.25,16
307,170,181,5,50148.97,15
309,27,344,2,28142.21,24
311,642,390,3,42539.89,9
312,217,469,2,13205.21,23
313,927,445,5,30856.5,25
314,570,217,2,41207.33,36
315,302,237,-1,44727.06,15
316,944,96,3,1812.32,33
318,813,258,4,30524.82,3
319,758,51,1,38952.44,27
320,388,207,2,35683.54,33
321,1063,222,1,40901.52,15
322,450,59,1,53714.0,36
323,135,273,1,16600.02,39
324,829,201,4,6168.13,17
325,351,403,2,20923.22,18
326,590,376,1,5745.13,32
327,977,379,3,51168.58,15
329,27,342,4,25732.56,1
330,541,452,1,10326.43,0
331,971,299,1,29349.61,15
332,93,420,1,34079.28,18
333,1076,258,2,45324.05,6
336,684,457,5,46494.13,38
338,841,439,2,39596.08,9
339,64,126,5,44486.64,27
340,183,100,4,38360.15,17
341,1116,461,4,59241.17,33
342,715,455,3,23522.47,26
343,566,159,2,2561.89,33
344,252,222,4,34043.08,22
345,18,256,2,28032.42,9
346,594,320,5,39892.79,19
347,133,410,3,1033.98,2
348,253,28,4,18418.71,27
349,2,26,3,8349.36,18
351,293,376,2,25979.84,5
352,66,243,3,14998.84,40
353,818,496,1,53592.72,19
354,355,289,4,40767.5,20
355,286,350,2,15076.22,26
356,617,157,1,17910.32,40
357,376,193,4,5852.93,33
358,642,258,3,28155.89,27
359,841,237,1,54762.24,1
360,863,46,2,36950.99,19
361,1189,263,3,7723.76,34
362,601,28,4,7643.56,0
363,1061,236,1,5171.08,17
364,220,171,5,5934.2,18
365,679,443,1,7374.42,37
366,109,360,2,31024.22,35
367,1015,70,2,53713.64,40
368,617,322,3,43176.61,0
369,412,59,1,102.14,38
370,1065,50,-2,12337.19,30
371,1036,228,4,3433.62,7
372,991,95,2,50519.08,34
373,900,440,5,7479.47,9
374,379,73,2,10329.45,34
375,984,149,3,40085.38,37
376,564,201,4,41889.4,6
377,871,76,1,17076.99,7
378,23,298,3,2141.6,39
379,727,493,2,28127.64,29
380,325,184,5,51364.79,32
381,1076,200,5,3859.67,9
382,1154,174,4,42939.42,8
383,621,473,4,4185.79,30
384,967,311,2,34604.73,32
386,713,300,5,49810.19,4
387,326,119,1,39949.13,31
388,976,166,2,58881.57,15
389,357,373,4,45373.25,26
390,127,314,3,6956.98,4
391,767,311,1,55420.7,20
392,921,194,2,59333.36,36
393,401,130,4,26307.14,18
394,332,223,5,48539.47,12
395,50,323,1,12292.02,8
396,737,397,4,34140.87,4
397,1082,255,2,49960.93,36
399,138,225,4,37565.69,4
400,261,401,5,17963.8,7
401,106,308,5,19922.1,14
402,594,473,3,23486.54,22
403,324,496,3,4579.15,36
404,1061,478,5,30052.82,25
405,1119,358,1,35008.07,16
406,67,174,4,15726.78,21
407,122,72,2,32870.53,21
408,128,121,4,4467.42,36
409,73,178,1,56999.48,38
410,166,455,5,28778.41,8
412,884,245,-3,46914.36,14
413,114,14,2,32097.73,24
414,38,283,4,3223.21,24
415,881,360,4,33017.74,7
416,754,181,2,20653.23,3
417,189,302,1,13704.84,34
418,31,448,2,48776.05,4
419,899,93,3,2718.79,22
421,158,40,3,56308.37,13
422,732,460,2,26668.16,19
423,1130,150,2,31657.97,17
424,1109,258,1,3334.45,26
425,996,144,1,12292.94,8
428,44,256,1,16290.88,37
429,174,31,3,51289.0,24
430,784,197,4,2760.49,13
431,883,273,1,39658.11,2
432,713,480,1,54612.23,21
433,538,415,5,13070.99,1
434,889,444,4,46978.5,3
435,1134,199,3,51524.99,34
436,1173,369,5,46163.84,16
437,781,240,2,7999.18,0
438,562,44,2,46303.22,18
439,809,20,5,16528.77,17
440,26,64,3,34149.62,20
441,367,228,4,1134.27,0
442,735,246,5,13148.77,3
444,529,393,3,15646.49,31
445,358,76,5,39393.09,14
446,79,95,5,51648.16,37
447,1134,368,2,3742.69,16
448,34,348,3,32472.44,2
449,717,56,1,30465.58,7
450,486,105,3,34264.92,26
451,874,449,3,8670.46,20
452,738,172,4,53853.79,23
453,603,319,1,9702.74,2
454,308,467,5,1629.56,38
455,642,262,5,47029.68,22
456,776,426,5,2052.71,9
457,161,490,1,57521.65,14
458,1177,323,5,44063.68,34
459,1081,409,1,36465.41,33
460,650,138,2,50176.94,18
461,674,125,3,13930.35,20
462,237,355,2,26755.95,26
463,721,287,5,4678.98,23
464,472,230,4,13862.82,8
465,502,398,4,40478.9,8
466,588,175,3,7166.04,26
467,304,295,4,37994.52,12
468,930,8,2,7335.25,16
469,963,381,1,7671.24,2
470,50,354,2,59397.02,8
471,1085,471,4,54265.2,22
472,1141,124,3,7229.88,21
473,221,370,1,4517.78,22
474,838,323,4,44467.78,27
475,978,359,2,44033.24,37
477,929,195,3,26371.36,32
478,573,484,1,14012.59,31
479,1156,266,5,34831.71,27
481,432,221,5,16767.55,39
482,712,146,2,7201.21,17
483,459,454,2,17379.88,16
484,218,474,2,40019.37,9
486,82,492,-5,32321.16,12
487,53,190,2,16982.07,36
488,912,267,2,49879.17,18
489,246,228,4,29646.01,5
490,571,375,1,58109.53,5
491,456,373,1,19694.23,32
492,929,323,5,40357.68,4
493,645,457,1,26059.32,33
494,1144,339,-1,56956.03,40
495,281,301,4,52339.68,14
497,579,68,2,38122.89,5
498,439,2,4,4128.95,35
499,365,20,4,41310.1,39
500,1196,121,3,29105.56,11
501,475,449,3,40111.75,31
502,804,307,3,32650.46,18
503,231,494,3,25233.68,28
504,871,60,2,27937.68,20
505,712,357,4,42318.65,30
506,1002,308,4,41264.59,1
507,1040,111,4,3742.12,20
508,651,211,4,48560.93,27
509,112,138,4,43718.39,21
510,94,158,4,24647.71,36
511,1098,106,1,56877.88,39
512,265,310,5,1293.2,1
513,185,400,3,54742.49,35
514,101,266,2,21789.66,12
515,1098,203,2,17482.23,10
516,679,212,2,33221.78,15
517,74,433,1,45331.8,33
518,815,406,4,2632.88,18
519,472,324,2,2123.3,7
520,774,336,4,7958.47,17
521,157,38,-5,43354.56,26
522,1110,310,2,5823.84,37
523,398,426,5,51572.25,20
524,48,155,3,27588.45,6
525,1181,242,4,17545.2,5
526,833,288,3,29052.64,34
527,784,9,4,43680.69,23
528,222,232,2,34714.98,1
530,681,74,1,5813.8,10
531,1004,304,2,5124.94,25
532,970,268,5,45658.84,3
533,517,211,3,44456.62,9
534,1158,307,4,52298.53,17
535,1152,407,4,32780.77,20
536,483,165,4,42561.2,32
537,167,472,1,25599.55,4
538,28,83,5,44914.11,10
539,233,20,4,29761.55,40
540,998,72,5,25147.03,0
541,892,151,3,31396.56,39
543,761,266,5,15149.24,29
544,677,475,-2,9937.87,30
545,853,92,2,28282.56,0
546,385,103,1,32310.12,21
547,960,305,2,4099.64,40
548,463,177,1,55679.98,17
549,873,300,3,22099.76,25
550,1150,278,2,4740.82,9
551,444,144,2,15849.96,6
552,1070,301,4,19876.6,37
553,970,108,2,259.98,14
554,188,476,5,8874.85,10
555,1,166,1,53767.61,3
556,901,218,4,19692.65,32
557,494,287,4,22700.84,24
558,728,160,5,19086.62,5
559,439,490,2,56734.85,17
560,896,287,4,29456.6,16
561,1143,461,-4,39160.32,11
562,749,438,4,46267.61,22
563,438,316,5,52590.06,12
564,367,478,1,11830.58,23
565,12,301,3,19774.25,23
566,1030,472,1,36445.79,2
567,981,204,1,59744.7,16
568,118,498,5,49417.21,30
569,931,252,2,28459.56,34
570,79,190,1,36813.94,9
571,363,446,2,5061.19,7
572,128,161,1,51487.63,17
573,398,336,5,44273.47,21
574,649,460,2,54352.91,37
575,751,265,1,56438.66,25
576,126,34,2,49520.35,32
578,1036,210,2,38154.45,0
579,1149,180,1,20553.0,36
580,177,290,4,5380.9,5
581,177,96,3,35509.8,1
582,22,112,3,27674.91,15
583,392,383,2,18698.18,24
584,365,143,2,33945.89,26
586,901,136,1,29444.15,37
587,1072,231,2,2300.19,37
588,1102,292,2,59625.96,27
589,592,107,3,42009.26,32
590,551,47,5,46427.2,16
591,535,17,1,31070.09,40
592,287,240,5,19447.16,36
593,70,166,1,37805.38,0
594,974,172,3,38908.09,6
595,734,157,2,28063.79,11
596,900,415,5,27441.1,36
597,818,243,2,15229.23,23
598,989,348,4,18080.38,14
599,1039,56,4,25611.06,17
600,821,304,1,9925.16,10
601,1074,102,5,45135.82,8
602,111,497,1,18625.49,9
604,353,155,3,4914.48,15
605,895,47,2,9332.86,35
606,767,3,4,9643.86,6
607,808,358,2,54778.7,24
608,498,391,1,23315.68,20
609,274,205,3,53891.48,27
610,1094,37,-3,29349.73,37
611,365,394,2,22211.04,21
612,4,313,5,45125.9,4
614,696,197,2,25600.11,18
615,985,18,3,57514.91,26
616,816,350,5,50070.53,29
617,710,352,1,39386.53,25
618,26,83,3,7811.5,32
619,932,6,4,39263.65,25
620,112,156,4,15593.08,40
621,923,258,3,46882.11,21
622,748,58,2,58846.0,34
624,1055,417,5,43684.96,29
625,952,145,1,7380.93,31
626,103,456,5,41214.62,16
627,607,393,1,32610.64,11
628,855,9,4,19545.49,40
629,229,183,1,31922.99,25
631,883,458,3,20788.64,29
632,500,471,5,34187.19,2
633,764,20,2,36600.27,40
634,208,196,5,58817.96,5
635,619,217,4,1440.77,16
637,621,316,5,32395.54,15
638,101,192,5,28427.81,27
639,381,142,5,40319.23,38
640,372,348,3,16433.5,26
641,849,337,2,16558.64,29
642,652,50,2,13567.0,20
643,590,373,5,49635.8,37
644,674,278,-4,28588.61,35
645,698,164,3,49375.46,9
646,1022,108,5,41893.75,24
647,67,339,5,58066.64,40
648,708,43,2,44905.85,33
649,598,385,-3,27144.8,29
650,1198,86,5,21162.42,27
651,48,385,3,33430.73,31
653,253,50,4,13176.49,7
654,366,443,2,46035.79,25
655,721,385,2,25148.98,38
656,744,323,1,39887.65,40
657,651,258,5,31997.25,14
658,1014,388,4,17248.38,28
660,353,350,1,23062.87,26
661,841,97,1,37170.67,8
662,1031,42,5,34278.02,26
663,666,313,2,10070.89,40
664,187,488,3,1460.9,38
665,798,283,5,51819.95,10
666,491,90,4,56234.74,12
667,601,34,1,12499.74,29
668,909,124,2,58371.04,32
669,679,447,-2,14767.32,4
670,67,350,4,52037.06,30
671,145,401,4,57458.73,34
672,1094,366,1,26367.42,3
673,816,425,1,21866.06,32
674,902,220,1,6307.02,16
675,1188,386,1,43347.45,23
676,696,73,2,47753.63,13
677,676,329,1,27548.7,31
678,533,176,3,41382.73,21
679,529,291,3,35706.24,8
680,591,14,2,52822.22,36
682,901,345,3,9351.03,8
683,599,440,-4,15512.62,14
684,434,299,3,8986.97,0
685,1042,382,5,24410.09,39
686,705,330,2,35269.41,32
687,767,194,4,38937.75,33
688,992,460,4,952.53,4
689,634,106,2,9090.3,38
690,245,333,2,21454.44,29
691,25,431,5,53898.27,12
692,68,205,1,57126.49,32
693,1134,493,5,50811.68,34
694,115,229,5,31424.63,15
695,375,354,2,13777.56,29
696,545,283,3,5572.42,12
698,500,300,5,28689.21,6
700,975,102,1,32587.89,13
701,615,292,1,34944.64,7
702,907,399,2,35377.36,40
703,935,1,3,45298.16,38
704,362,169,5,29048.45,18
705,614,136,5,15016.42,17
706,1031,159,4,6777.06,11
707,654,458,5,28283.33,10
708,885,345,3,5764.62,28
709,1104,422,2,11696.37,6
710,437,158,5,18392.49,33
711,615,475,5,12696.49,9
712,394,393,4,47170.09,10
713,322,167,5,58871.15,38
714,552,118,3,28371.7,19
715,628,171,3,49770.95,20
716,872,289,4,45785.45,0
717,828,29,4,21281.36,8
718,562,10,2,12595.68,16
720,1147,379,2,47868.73,39
721,562,55,1,14663.96,20
722,963,488,1,46895.55,24
723,998,128,3,59217.06,37
724,208,29,3,16635.17,23
725,583,57,4,8143.66,4
726,848,423,2,52449.64,37
727,410,288,1,26351.85,20
728,534,286,5,49056.87,1
729,140,446,3,57436.29,23
730,914,383,2,11129.99,29
731,742,171,2,40692.36,16
732,48,72,1,38570.19,27
734,1050,192,1,33986.3,2
735,670,405,5,29571.37,36
736,138,377,1,33961.88,35
737,1090,82,5,50793.33,5
738,960,313,2,45139.25,27
739,954,232,2,39061.58,4
740,1179,174,4,31710.07,27
741,823,295,-3,480.6,24
742,462,166,4,9114.65,14
744,1177,474,3,53605.29,36
745,304,106,3,10977.04,1
746,81,400,2,32450.57,4
747,646,476,2,39524.21,12
748,869,139,2,56184.51,13
749,56,71,-4,7474.29,24
750,428,195,1,26864.06,25
751,780,303,1,5661.82,11
752,1185,371,5,7390.05,13
753,1002,380,5,21567.58,20
754,431,47,5,21655.52,16
755,936,9,1,22863.75,26
757,616,118,1,39060.92,24
758,33,488,3,43804.78,20
760,963,391,1,3764.77,13
761,601,191,5,24951.09,10
762,358,480,5,57921.48,11
763,225,403,2,1895.81,13
765,680,15,4,2149.94,9
766,96,277,4,45773.89,33
767,206,8,3,53841.6,5
768,136,58,4,27919.56,26
769,1100,226,-2,51429.25,40
770,976,241,3,7779.1,34
771,198,245,4,44948.26,36
772,450,264,2,48346.3,9
773,169,381,1,43064.36,18
774,216,128,2,15115.18,19
775,947,343,5,31243.02,36
777,1187,378,1,44901.36,24
778,406,94,1,8662.97,2
779,488,83,4,19419.69,36
780,705,97,5,24398.85,13
781,539,280,4,7157.37,17
782,1054,474,3,20301.55,11
783,999,396,5,27433.33,6
784,702,391,5,15845.51,23
785,53,494,5,7661.07,14
786,228,62,5,42790.45,8
787,629,232,4,33242.58,5
789,455,398,1,12000.76,22
790,311,289,5,31550.21,34
791,472,356,5,10088.53,10
792,340,326,5,13652.82,9
793,869,440,2,16777.44,25
794,1069,498,4,53635.3,29
795,615,1,1,15154.62,35
796,428,473,5,35679.7,4
797,841,72,2,28907.83,10
800,823,64,5,56666.03,9
804,931,79,1,52825.59,21
805,84,196,3,6858.97,29
806,345,449,4,45531.73,14
807,182,375,5,57588.09,23
808,1013,429,4,25358.28,40
809,574,432,3,54293.41,40
810,860,342,-3,58986.89,5
811,995,125,5,29749.07,37
812,545,54,4,33684.18,36
813,1063,446,4,2621.86,6
814,202,295,1,7136.65,15
815,864,418,4,43125.51,2
816,902,437,4,34443.36,33
817,817,417,4,40177.2,1
818,371,13,3,6018.37,26
819,936,435,3,21579.48,22
821,539,394,2,12641.92,35
823,183,171,3,37022.52,14
824,627,52,1,38403.16,20
825,382,388,4,12208.73,31
826,897,459,3,45310.77,10
827,229,98,5,18700.6,32
828,1148,152,5,32341.44,25
829,156,102,1,5523.48,38
830,829,437,3,8831.35,21
831,813,69,4,6307.2,18
832,169,166,2,26607.91,2
833,318,342,3,1678.92,14
834,449,126,2,26477.32,13
835,608,125,1,51466.13,30
836,849,285,5,59902.52,12
837,1063,298,4,37672.58,24
838,746,412,3,25935.75,23
839,481,164,5,21488.74,8
840,506,408,5,34779.61,6
841,1040,363,4,32168.06,6
842,467,369,3,43082.12,35
843,459,239,3,34498.12,3
844,897,255,-5,26227.44,10
845,919,287,1,53760.91,30
846,303,33,3,4018.22,17
847,57,366,5,29499.51,8
848,441,339,4,18658.53,19
849,1168,409,5,56781.44,9
850,645,442,1,58256.22,3
851,734,301,1,46499.79,4
852,1085,212,2,43980.12,15
853,368,428,2,1866.3,31
854,680,46,1,56774.21,36
855,794,413,4,22939.31,30
856,704,94,1,18740.6,11
857,517,256,1,11155.53,25
858,720,332,1,20449.24,6
859,42,451,5,3747.96,35
861,670,197,3,1756.45,36
863,1097,112,3,5908.25,9
864,1176,91,4,42411.42,11
865,912,16,5,2422.58,34
866,247,414,3,56108.45,6
867,370,303,5,10126.38,6
868,318,314,3,56275.31,35
869,918,484,1,40155.43,4
870,749,73,2,57627.19,31
871,828,22,3,3611.59,30
872,203,435,5,5548.11,20
873,1154,295,5,31348.2,34
874,579,165,2,26929.48,12
875,874,207,-4,22686.31,31
876,214,165,5,29097.86,24
877,589,395,1,31700.25,2
878,183,158,5,44896.3,36
879,643,379,1,32104.1,3
880,789,97,3,57854.81,3
881,889,379,5,31486.67,11
882,92,467,2,6009.18,11
883,656,38,2,29766.98,36
885,10,464,2,39609.69,21
886,799,424,2,22369.85,25
888,866,349,5,42639.33,40
889,559,210,1,25011.65,26
890,389,419,4,15280.19,0
891,810,22,4,7820.41,14
892,235,60,2,54142.81,31
893,1100,168,2,56615.84,16
894,816,146,5,17257.69,36
895,245,203,2,57017.52,35
896,412,66,5,59733.95,30
897,229,118,1,50002.37,11
898,139,124,4,36957.72,28
899,906,306,1,39806.32,32
900,388,394,2,43522.12,2
901,313,175,3,55318.2,22
902,116,201,4,9270.54,18
903,462,95,-2,20219.73,28
904,903,36,2,36139.44,18
905,294,281,3,3497.12,4
906,1095,9,5,43256.9,20
907,294,462,1,41090.56,0
908,1153,30,4,46144.86,7
909,73,289,5,4528.05,30
911,513,177,4,28799.83,9
912,738,115,2,17283.12,11
913,796,132,2,22147.88,1
914,615,74,1,27649.93,34
915,824,65,3,12565.25,25
916,856,236,4,26689.18,24
917,692,167,4,8073.57,33
918,445,365,2,34146.36,39
919,949,281,4,22551.52,19
920,290,241,1,32615.44,28
921,845,27,2,13108.97,35
922,788,480,-5,25963.85,28
923,423,198,5,40052.91,17
924,1154,394,2,38510.16,36
925,406,78,4,19057.79,15
926,268,391,4,19041.25,39
927,73,347,-1,47239.04,5
928,109,170,1,18866.3,22
929,309,491,2,18522.95,4
930,647,299,4,28557.73,11
931,208,411,5,9672.76,9
932,243,273,5,24639.83,35
933,962,359,3,41428.83,15
934,301,466,4,5914.43,2
935,781,243,4,28665.11,1
936,743,477,4,35134.98,11
937,41,497,4,56801.58,36
938,696,44,3,4226.51,8
939,807,470,2,6747.21,12
940,657,150,-1,21347.24,31
941,856,87,3,51090.04,12
942,1066,463,1,29427.58,10
943,490,359,3,15860.49,27
944,559,384,4,39598.69,21
945,268,447,-5,739.6,36
946,780,103,4,22863.01,2
947,554,357,4,20204.53,32
948,870,209,3,8027.17,22
949,1132,99,4,16970.3,5
950,174,413,-3,51702.6,7
951,264,413,1,14653.37,11
952,316,293,-2,46754.71,4
953,28,378,3,52222.56,39
954,1194,321,4,37897.07,21
955,217,314,1,3464.37,8
956,167,96,-1,43123.44,5
957,478,108,1,43047.05,24
958,1085,99,4,49071.3,31
959,382,241,3,43920.73,37
960,126,227,2,30504.31,5
961,405,135,2,52702.78,36
963,467,84,4,38154.29,37
964,845,260,3,13173.67,16
965,494,272,1,39325.05,16
966,331,34,1,3860.7,22
967,124,318,-4,4889.1,28
968,181,164,5,46306.03,23
969,135,292,3,43656.22,20
970,984,190,4,18084.81,31
971,390,117,5,10316.12,22
972,946,167,4,27871.07,29
974,649,196,2,24025.15,0
975,354,78,5,56767.97,13
976,802,242,-2,16326.32,12
977,804,82,3,49803.71,35
978,390,250,5,43451.38,27
979,328,250,1,21266.83,6
980,663,362,4,36508.28,9
981,1013,412,2,25039.09,0
982,325,174,3,41075.05,27
983,266,272,3,20531.72,23
984,263,190,-5,58228.8,4
985,758,214,2,12646.41,20
986,641,325,4,47229.69,35
987,679,358,2,54121.16,20
988,1173,498,2,42515.48,39
989,511,251,5,28238.18,1
990,196,197,2,37454.06,5
992,566,365,2,21890.57,3
994,300,402,3,57404.39,31
995,1099,103,2,57467.77,38
996,606,376,1,44156.14,12
997,1033,145,2,47463.49,27
998,23,153,-3,12333.98,18
999,864,41,3,27949.87,9
1000,783,285,2,35671.32,20
1001,561,234,3,11947.06,38
1002,334,301,2,19435.94,1
1006,1165,21,5,3445.97,8
1007,140,72,2,6224.97,10
1009,704,385,1,29598.1,34
1010,853,329,4,41705.74,35
1011,425,230,2,7003.42,16
1012,116,331,5,1551.09,14
1013,87,113,2,57002.96,8
1014,662,199,4,1253.42,18
1015,850,282,1,2503.79,37
1016,471,299,4,528.43,5
1017,754,261,2,23891.17,9
1018,577,137,5,22520.6,24
1019,413,387,5,15451.07,12
1020,534,202,-1,39062.71,28
1021,1049,395,4,12354.94,7
1023,612,427,2,53210.46,19
1024,112,332,2,34054.11,16
1025,49,159,1,13063.77,11
1026,423,256,4,43226.16,29
1027,339,472,4,28862.52,38
1028,509,40,5,6524.97,0
1029,103,439,1,56812.55,0
1030,782,374,5,57676.38,6
1031,441,331,2,58259.32,23
1032,856,335,1,17918.45,2
1033,619,73,3,27469.97,13
1034,63,451,4,10557.42,7
1035,481,234,5,41725.62,17
1036,1154,246,1,43912.9,9
1037,815,348,4,1890.9,31
1038,954,212,2,58377.14,36
1039,130,492,3,42623.11,30
1040,548,13,3,57795.06,12
1041,918,415,1,59750.66,2
1042,892,287,4,47538.63,3
1043,182,307,3,27429.82,30
1045,711,209,2,34854.69,23
1046,712,393,3,8943.23,31
1047,836,185,4,5278.09,16
1049,337,456,1,20672.88,40
1050,700,277,2,51080.76,36
1052,1027,279,-1,31222.17,36
1053,1128,341,2,44408.7,21
1054,667,375,3,32952.2,25
1055,805,113,5,21132.95,26
1056,218,116,4,9426.5,12
1058,628,124,4,18241.17,13
1059,198,488,2,1507.99,1
1060,425,96,1,4114.61,28
1061,865,484,3,39728.94,0
1062,615,176,4,22557.46,19
1063,980,326,5,35640.84,31
1064,1024,164,3,1959.32,30
1065,786,386,5,46210.26,27
1066,719,486,4,59678.84,24
1067,999,389,1,28544.82,34
1068,503,371,1,27335.7,21
1069,962,18,3,18657.83,28
1070,841,49,1,41061.04,37
1071,58,479,5,26721.36,32
1072,563,357,5,23351.87,34
1074,926,151,2,2485.01,38
1075,225,352,2,58117.03,4
1076,996,128,1,23299.49,11
1077,90,155,2,13483.02,37
1078,469,366,4,48524.27,7
1079,286,68,5,33809.97,28
1080,881,11,5,53871.6,23
1081,218,215,4,2108.86,27
1082,865,35,1,5325.85,22
1083,1039,471,2,54406.31,8
1084,332,45,5,11288.76,12
1085,1119,192,5,15854.1,4
1086,380,299,4,7039.4,2
1087,302,154,-2,44823.86,25
1088,123,262,1,6853.88,17
1089,19,156,2,19239.8,15
1090,438,97,4,28748.7,13
1091,795,284,5,51535.7,4
1092,261,440,5,8809.62,4
1093,149,290,2,14899.36,26
1094,741,481,2,49695.74,26
1095,885,22,3,46859.86,1
1096,766,201,4,36425.55,14
1097,261,246,5,56968.34,32
1098,323,124,5,31323.38,31
1099,887,308,1,25097.25,35
1100,299,396,1,22234.32,25
1101,700,156,5,36357.22,19
1102,963,262,4,23227.02,37
1103,1176,71,4,20290.81,31
1104,1092,265,5,37918.82,16
1105,556,448,3,35706.59,14
1107,393,423,3,31108.54,26
1108,869,343,2,46122.01,8
1109,605,98,3,42786.0,35
1112,803,248,3,55955.79,29
1113,300,131,5,4415.81,7
1114,1128,202,1,4086.13,16
1115,932,479,5,35056.66,17
1116,862,102,3,3154.48,27
1117,1003,305,1,28634.45,24
1118,287,93,1,21743.96,3
1120,197,474,4,12373.08,36
1121,229,173,5,43202.36,18
1122,473,113,5,36259.31,17
1123,725,431,2,9187.0,35
1124,451,88,-4,12268.16,39
1125,329,47,5,44453.32,17
1126,256,49,2,50738.4,14
1127,340,457,2,55065.77,17
1128,490,344,3,26168.08,38
1129,914,110,2,6111.96,5
1130,910,227,2,44375.95,24
1131,779,12,5,45926.84,13
1132,1007,224,5,20603.1,1
1133,795,430,4,36432.58,23
1134,159,308,4,10186.06,25
1135,644,181,4,16521.09,18
1136,778,308,4,57643.24,36
1137,133,232,1,23393.31,22
1138,42,252,4,43478.29,27
1139,523,179,2,16220.39,16
1140,346,113,5,38736.04,38
1141,401,434,1,58751.77,23
1142,469,47,2,5633.37,35
1144,893,143,2,13822.41,19
1145,137,119,1,37294.58,36
1146,361,148,5,28267.88,27
1147,484,9,2,36197.8,4
1148,208,138,2,32083.8,29
1149,756,371,2,9247.84,11
1150,18,167,2,46004.34,32
1152,320,434,2,14591.34,38
1153,1176,401,3,27798.07,29
1154,226,366,2,9809.01,38
1155,138,194,2,134.35,29
1156,1004,347,4,33063.91,25
1157,956,493,5,21300.74,38
1158,830,385,3,31455.88,26
1159,1024,65,1,12492.89,38
1160,612,60,5,54259.5,24
1161,766,13,3,29284.57,1
1162,302,231,5,47452.41,8
1163,619,203,2,8624.69,14
1164,518,250,4,28034.31,29
1166,299,460,1,17795.54,3
1167,792,455,4,4779.6,18
1168,1050,283,4,2527.41,30
1169,679,100,-3,55326.92,10
1170,208,75,5,16249.56,1
1171,1068,191,1,26956.68,21
1173,1059,300,1,53023.63,31
1174,1053,19,5,43747.0,36
1175,315,478,4,19876.11,28
1176,548,74,2,45750.32,12
1179,311,219,-5,34134.39,13
1180,136,84,1,16003.91,30
1181,449,240,2,55496.82,31
1182,942,416,3,37046.22,23
1183,529,296,5,32920.73,21
1185,572,413,5,46719.94,15
1186,46,223,4,16404.09,32
1187,829,27,5,18090.52,16
1188,304,285,2,50684.84,14
1190,846,381,4,25215.56,21
1192,117,224,4,48922.14,9
1193,63,171,3,7181.76,15
1194,1008,476,4,35346.55,25
1196,670,304,4,51206.6,6
1197,18,77,5,25769.7,5
1198,312,27,1,28325.37,2
1199,752,348,3,39996.89,5
1201,81,315,1,49303.64,12
1202,801,422,4,6541.55,37
1203,1078,37,5,17138.25,4
1204,533,81,5,5857.6,38
1205,582,17,4,51144.17,10
1206,927,184,5,18453.29,25
1208,305,361,2,2304.18,3
1209,242,76,1,59893.72,8
1210,151,145,3,41294.78,37
1211,987,223,4,7444.85,35
1212,620,480,2,53745.82,2
1213,801,99,3,4056.72,2
1214,517,200,2,48769.88,29
1215,815,402,3,27031.77,20
1216,865,338,3,57488.1,36
1217,377,4,2,57261.95,26
1218,686,76,1,53064.73,15
1219,1015,491,3,54447.68,11
1220,19,324,3,42710.78,39
1221,6,54,4,46316.92,32
1222,303,171,5,16479.42,25
1223,403,223,1,27351.65,37
1224,1104,387,-4,2766.37,21
1225,129,243,4,55750.0,38
1226,646,428,5,13451.68,16
1229,921,123,4,234.8,3
1230,561,275,5,56401.02,1
1231,628,394,5,39832.52,31
1232,438,274,5,17324.67,7
1233,797,288,-3,10716.48,12
1235,266,477,3,10224.46,18
1236,852,83,4,12325.19,10
1237,592,159,5,41524.29,40
1238,319,448,1,51196.51,0
1239,136,399,3,57912.11,7
1240,692,63,5,45983.39,34
1241,251,247,5,16770.2,5
1242,189,181,2,23334.05,12
1243,513,372,1,54664.1,39
1244,177,33,2,8834.2,10
1245,1096,100,4,59467.7,40
1246,697,437,4,47580.65,27
1247,1050,398,4,12820.36,12
1248,991,397,5,44889.29,4
1249,465,428,4,33491.72,29
1250,756,102,-1,2279.13,12
1251,728,9,3,38958.14,26
1252,16,497,3,51734.21,5
1253,197,305,5,33728.6,7
1254,970,254,5,59768.53,21
1255,67,403,3,14837.65,34
1256,601,20,1,3389.29,19
1257,281,357,3,48960.03,9
1258,844,39,5,21890.74,31
1259,615,209,1,1666.25,18
1260,191,446,2,55891.48,38
1261,206,186,1,5799.92,16
1262,652,455,1,11038.88,13
1263,162,119,1,16663.24,35
1265,1132,337,3,6116.1,25
1266,84,160,4,5668.75,21
1267,107,71,-1,5749.47,37
1268,977,22,4,48589.08,25
1269,542,82,5,56385.46,15
1270,345,95,5,42071.78,6
1273,1182,407,2,29609.9,15
1274,433,314,4,11629.06,33
1275,279,208,5,24751.43,37
1276,511,316,1,42443.57,16
1277,1020,1,1,24392.14,12
1278,263,296,2,48885.33,37
1280,148,351,4,8064.43,13
1281,231,295,1,39145.99,7
1282,29,212,1,20547.28,28
1283,253,445,3,19574.19,26
1284,1063,349,3,26660.37,12
1285,299,106,4,21255.37,15
1286,561,224,1,15201.46,27
1287,126,401,1,44924.63,33
1288,847,57,3,8527.8,17
1289,29,243,5,4011.17,29
1290,460,231,2,41337.01,17
1291,800,139,2,28872.98,28
1292,36,400,2,38748.7,24
1293,1130,261,2,6678.48,23
1294,203,140,-5,47987.73,25
1295,1162,491,1,14549.42,18
1297,1086,472,-2,37688.41,33
1298,41,168,-5,25241.6,21
1299,397,96,1,43983.87,27
1300,557,301,2,37767.94,38
1301,731,50,4,28364.08,12
1302,666,24,3,21477.15,15
1303,1010,117,4,57454.36,1
1304,212,290,2,13955.14,2
1305,845,274,1,6246.65,35
1306,278,114,2,13186.38,6
1307,24,471,5,24607.38,17
1308,922,458,2,5699.63,15
1309,192,413,3,47486.86,34
1310,494,23,4,41370.9,34
1311,14,475,4,49042.22,13
1312,678,52,1,30271.66,14
1313,569,1,4,41813.11,22
1314,1140,357,2,1711.27,6
1315,1171,11,3,11633.42,10
1316,93,376,2,11831.78,13
1317,605,236,1,39733.51,14
1318,65,61,2,22061.88,19
1319,885,79,1,50033.82,10
1320,16,88,3,2204.26,11
1321,861,56,1,45888.61,13
1322,851,56,4,13832.5,10
1323,1066,366,5,53041.34,33
1325,1162,111,4,25550.69,39
1326,912,143,3,15687.7,13
1327,42,101,4,17802.5,34
1328,187,448,5,7009.32,8
1329,471,378,5,56978.8,7
1330,809,466,5,42775.69,8
1331,369,276,2,47956.68,15
1332,1042,440,5,32665.86,4
1333,1132,43,3,31552.04,5
1334,681,282,2,49703.8,2
1335,421,72,2,41956.65,5
1336,906,37,4,43283.1,34
1337,660,236,-2,40912.2,21
1338,24,400,1,46540.72,1
1339,63,43,3,9978.94,40
1340,170,353,2,28898.71,6
1341,1104,332,3,3529.13,40
1342,53,369,2,59305.33,20
1343,236,407,5,38771.86,18
1344,175,280,2,36060.86,36
1345,589,252,5,54624.19,4
1346,592,257,5,47319.76,20
1347,83,260,4,28092.04,2
1348,6,339,3,53158.99,24
1349,700,46,3,43461.56,17
1350,830,194,5,7464.25,26
1351,552,262,2,59440.99,23
1352,750,159,2,47129.88,24
1353,1132,366,1,37538.51,3
1354,493,211,5,51375.93,35
1355,728,403,1,46364.75,40
1357,251,444,4,15243.63,33
1358,1139,469,5,44336.52,16
1359,530,493,2,32893.91,30
1361,132,205,3,14609.41,4
1362,820,317,3,43586.78,33
1363,630,209,3,9599.71,15
1364,268,189,5,25910.25,6
1365,516,43,4,52419.31,24
1366,799,81,3,56773.89,23
1367,87,96,4,47340.68,23
1368,383,151,2,57557.18,1
1369,963,194,3,24730.38,17
1370,1051,295,5,30362.46,1
1372,565,170,2,27994.39,3
1373,697,20,3,41240.96,3
1375,728,100,5,15537.25,20
1376,251,203,2,48421.63,6
1377,932,270,4,43302.98,7
1378,407,124,5,5575.98,12
1379,276,208,3,59966.67,2
1380,72,371,1,57377.01,39
1381,1018,389,3,59486.18,6
1383,22,467,2,12601.34,1
1384,61,301,1,20141.85,26
1385,262,429,5,31479.8,0
1386,773,171,4,38246.32,31
1387,581,422,5,7270.09,26
1388,438,201,3,36623.58,22
1390,1178,147,1,32399.84,14
1391,1086,245,3,50300.11,37
1392,835,100,2,48915.29,10
1393,1036,76,1,14484.53,17
1394,857,40,1,15383.33,2
1395,603,67,5,32212.69,2
1396,44,399,3,14335.15,25
1397,95,266,1,7079.11,8
1398,37,481,1,56636.49,3
1399,417,185,4,23930.04,38
1400,56,198,2,41125.99,4
1401,436,52,2,46078.92,16
1402,729,27,4,30593.64,11
1403,223,249,4,25525.97,35
1404,293,319,2,59036.8,16
1405,83,60,-2,18309.97,35
1406,1081,230,2,20622.3,15
1407,1127,378,5,8276.07,2
1408,767,315,1,3298.68,23
1409,37,311,1,30493.23,36
1410,133,412,3,17217.29,11
1411,928,131,5,48458.76,25
1413,608,426,5,38540.78,38
1414,935,46,5,17803.3,34
1415,1187,197,5,14967.23,21
1416,603,11,5,53251.57,36
1417,399,489,2,53443.33,6
1418,457,151,2,46598.5,27
1419,1147,492,1,24528.36,1
1420,969,80,4,38450.34,29
1421,63,329,4,10517.49,13
1422,468,267,5,13301.8,38
1423,500,461,5,8397.53,35
1424,584,424,1,53845.32,26
1425,242,73,-5,36639.42,21
1426,302,208,5,45810.01,34
1427,890,339,3,5700.49,35
1428,775,177,-4,37858.13,13
1429,987,415,4,5985.34,9
1430,1083,161,5,20277.46,7
1431,394,398,3,23980.36,9
1432,637,436,5,16386.9,2
1433,337,245,2,158.59,32
1434,801,465,4,3850.04,3
1435,793,258,2,4595.9,12
1436,686,422,1,2970.18,4
1437,115,314,3,4898.26,40
1438,659,28,4,24526.68,11
1439,1069,101,5,56970.48,26
1440,104,374,3,13308.6,17
1441,1015,226,4,35970.26,25
1442,920,454,2,43588.67,26
1443,281,177,1,33372.32,5
1444,1008,372,4,55377.45,3
1445,1158,359,-5,4100.97,16
1446,1074,346,5,15841.66,12
1447,930,119,1,56240.78,20
1448,351,104,3,54957.58,25
1449,1116,475,1,27908.88,13
1450,337,348,-1,4807.82,10
1451,231,113,4,14354.58,32
1452,651,68,4,29795.31,36
1453,771,63,2,13173.4,4
1454,1117,152,3,15949.46,3
1455,346,443,5,19449.06,9
1456,603,262,1,58387.41,6
1457,584,28,2,27159.14,16
1458,816,241,5,6586.13,9
1459,1024,342,5,10302.06,11
1460,331,328,1,52703.07,37
1461,374,53,2,15739.79,26
1462,1119,175,4,47085.23,38
1463,873,444,2,52496.52,34
1464,236,435,5,10715.27,20
1465,694,118,5,45041.25,1
1466,1116,369,4,24226.61,7
1467,126,207,4,14233.4,25
1468,301,441,1,21968.67,0
1469,295,44,2,10908.89,40
1470,327,45,-4,40756.95,23
1471,687,277,4,56229.82,16
1472,308,376,1,31417.96,11
1473,1169,72,3,34115.24,29
1474,81,286,5,32102.14,17
1475,1110,148,5,52097.85,10
1476,78,436,3,47923.27,38
1477,471,340,5,26045.74,38
1478,514,260,3,38937.4,19
1479,692,434,5,30781.12,40
1481,74,356,4,5590.78,11
1482,1115,206,4,23490.72,12
1483,383,14,5,27175.18,24
1485,1110,77,5,34518.11,27
1486,316,429,2,19274.97,36
1487,79,405,-5,19163.41,33
1488,382,350,2,22183.99,17
1489,739,387,4,22918.26,39
1490,936,292,1,1934.98,7
1491,1110,91,3,51163.65,17
1492,1073,202,4,35656.34,12
1493,603,96,2,38073.55,8
1494,1180,434,3,47393.15,14
1495,399,280,5,56078.73,21
1496,534,41,3,11277.45,21
1497,990,92,3,23405.68,36
1498,454,445,2,20665.17,38
1499,758,53,2,51640.97,32
1500,802,190,3,1636.99,31
1501,792,487,5,19530.14,39
1502,999,396,-3,49509.23,14
1503,628,322,5,7286.67,32
1504,153,475,1,54841.44,38
1505,97,102,5,49998.17,21
1506,552,407,1,5252.01,23
1507,630,46,3,17689.63,6
1508,672,104,1,13074.09,11
1509,440,419,4,28603.75,33
1510,873,230,3,2842.95,39
1511,307,357,1,17080.38,5
1512,725,91,4,23037.65,33
1513,250,357,5,31470.89,35
1514,270,388,4,502.92,23
1515,1054,270,5,51401.56,22
1516,281,479,3,33488.65,27
1517,665,443,5,30435.72,28
1518,573,153,2,8379.32,21
1519,573,278,3,43999.98,27
1520,650,404,5,17353.15,32
1521,244,496,1,48763.83,27
1522,53,70,1,52961.15,2
1523,629,191,2,35221.25,14
1524,485,68,1,47978.79,20
1525,12,166,3,28883.7,33
1526,872,285,2,40951.5,18
1527,1065,269,5,23045.75,37
1528,1005,74,4,57789.41,14
1529,904,369,3,38624.42,9
1530,266,188,5,59088.92,10
1531,590,108,1,31597.08,11
1532,217,378,2,11506.38,4
1533,294,450,1,37652.03,39
1534,773,379,1,53140.38,33
1535,538,251,2,12317.03,35
1536,50,273,2,46039.41,25
1537,179,341,4,10698.78,11
1538,984,238,3,15694.41,23
1539,545,248,2,22796.69,36
1540,667,73,5,5505.02,29
1541,1135,124,1,23610.48,35
1542,901,492,1,38760.68,11
1543,441,102,4,47253.98,13
1544,1194,495,2,57405.79,1
1545,354,80,5,57316.05,39
1546,844,452,2,57324.98,27
1547,1199,39,3,14252.7,35
1548,342,167,3,42177.97,15
1549,1107,105,3,33401.05,19
1550,251,251,4,44253.18,31
1551,806,149,2,56519.71,36
1552,520,296,4,36711.65,7
1553,916,310,5,26383.88,11
1554,902,36,2,3420.71,15
1555,960,389,5,54648.74,7
1556,670,71,5,57079.03,33
1557,306,15,1,8169.51,23
1558,112,281,2,10478.65,2
1559,1136,251,5,48668.89,29
1560,1037,443,5,26358.36,13
1561,763,342,5,21506.12,15
1562,808,474,1,47941.65,2
1563,570,155,2,55360.43,5
1564,1176,165,1,27666.86,22
1565,334,489,2,52333.2,36
1566,192,12,2,38610.41,10
1567,714,340,1,5639.26,12
1568,1048,99,1,36763.6,12
1569,1181,213,4,5050.6,37
1570,236,75,4,3000.15,9
1571,237,107,2,7172.94,29
1572,286,28,1,36389.66,5
1573,784,207,1,7857.2,11
1574,66,229,2,43407.66,33
1576,1172,99,4,22878.99,13
1577,367,234,3,46621.26,6
1578,578,91,1,5497.02,1
1579,809,321,5,8522.61,21
1580,1181,341,3,58920.83,9
1581,770,66,1,50415.48,37
1582,752,496,3,43322.29,4
1583,3,413,2,42968.83,36
1584,263,399,5,29843.83,1
1585,469,497,4,7207.15,17
1586,736,282,3,32424.4,24
1588,320,14,2,59406.99,3
1589,742,315,2,28810.7,35
1590,124,86,5,37203.54,28
1591,175,221,4,51731.66,1
1593,535,488,2,49683.28,40
1594,455,360,3,2039.74,3
1595,744,465,4,57399.69,36
1596,925,189,4,53593.25,19
1597,760,227,5,40656.4,22
1598,871,432,2,56751.63,16
1599,218,71,3,27758.58,0
1600,1137,31,1,47855.82,32
1601,425,14,4,33275.22,6
1602,566,391,1,29390.15,27
1603,1115,7,5,5935.96,23
1604,304,304,1,52119.11,6
1605,125,238,1,11809.6,2
1606,209,127,1,27770.58,14
1607,98,417,3,21731.16,33
1608,1008,154,2,48081.5,11
1609,403,13,1,33951.36,11
1610,1082,347,3,26864.51,27
1611,1017,16,2,7317.73,0
1613,896,456,4,26264.85,9
1614,1199,33,5,14508.82,8
1615,973,10,1,3549.1,17
1616,872,52,3,57908.35,40
1617,139,408,1,3129.6,37
1618,958,64,3,2337.31,16
1619,1114,394,5,4169.89,36
1621,353,22,3,36672.45,32
1622,610,332,5,49320.53,25
1623,1084,253,2,38916.81,12
1624,900,351,1,48838.55,24
1625,600,53,4,54493.74,6
1626,994,147,1,29152.78,36
1627,478,426,2,45755.49,27
1628,1056,343,5,35747.77,37
1629,234,313,4,48440.1,4
1630,541,85,-4,50902.48,8
1631,957,27,5,27698.43,34
1632,217,46,4,3389.86,10
1633,57,323,3,5795.18,34
1634,172,121,3,41092.33,39
1636,172,500,4,57754.9,34
1637,594,476,5,1929.09,4
1638,818,458,3,18316.43,8
1639,247,232,3,31364.58,14
1640,902,498,5,22490.58,0
1641,127,416,1,15644.09,2
1642,656,243,1,49745.76,11
1643,779,289,1,18043.38,25
1645,554,406,2,36034.11,27
1647,978,341,1,16101.35,37
1648,242,133,1,47427.98,27
1650,582,346,5,33535.44,21
1652,93,454,5,55581.0,40
1653,771,197,5,14994.43,16
1655,910,6,2,33693.91,6
1656,328,478,3,34841.84,15
1657,833,141,5,32848.04,0
1658,1176,492,2,16028.5,25
1659,1028,117,5,2561.17,27
1660,530,203,4,9165.19,33
1661,1180,35,4,1421.08,4
1662,152,110,1,35231.23,15
1663,335,421,2,42912.61,6
1664,974,369,4,53677.1,21
1666,681,400,1,54609.58,23
1667,571,385,3,29785.96,16
1668,200,220,3,39052.12,12
1669,561,15,5,25041.81,4
1670,992,460,1,46366.75,8
1671,1103,294,5,37866.17,34
1672,6,444,4,27757.33,35
1673,557,41,4,16325.12,33
1675,808,321,4,56836.38,34
1676,1103,317,2,41962.96,37
1677,1126,226,3,55825.56,24
1678,185,168,3,35342.3,20
1679,101,57,1,36860.46,38
1680,120,433,4,59681.57,15
1681,782,456,1,21140.54,4
1682,866,350,1,13701.45,38
1683,1138,414,4,12507.78,20
1684,258,52,5,34798.2,20
1685,115,195,4,559.93,1
1686,1173,155,2,17992.93,37
1687,97,151,4,59918.54,17
1688,1141,315,4,25937.27,26
1689,893,135,2,959.87,19
1690,746,251,4,20461.01,1
1691,632,394,3,57888.99,12
1693,829,449,4,47018.42,40
1694,858,173,3,3346.12,25
1695,711,118,1,648.45,27
1696,383,61,2,9214.13,11
1697,926,220,4,41667.58,30
1698,276,392,-3,36835.06,24
1699,162,91,3,42577.54,6
1700,1031,418,3,32051.19,33
1701,123,4,5,999.34,30
1702,812,247,4,59499.05,8
1704,28,477,3,26822.31,26
1705,337,327,4,4660.77,7
1707,881,178,5,43796.82,34
1708,1135,180,2,22172.9,16
1709,359,159,2,7492.01,35
1710,477,258,3,52731.13,23
1711,550,25,1,40581.66,27
1713,158,58,2,56673.41,9
1714,917,147,5,36925.12,31
1715,174,231,4,54080.11,25
1716,498,341,3,38739.39,10
1717,63,99,5,32379.87,10
1718,973,182,1,39337.78,3
1719,138,311,4,57742.74,2
1720,399,17,4,36571.96,14
1721,1117,258,2,16079.24,14
1722,471,452,3,807.74,40
1723,1055,36,4,26488.44,32
1724,138,432,4,20785.89,11
1725,521,470,3,15773.0,27
1726,1089,108,5,52752.59,4
1727,446,231,5,6518.47,20
1728,253,76,5,27443.95,32
1729,524,448,5,44146.93,39
1730,872,301,5,30918.1,9
1731,125,157,3,28926.33,8
1733,75,415,1,51724.69,38
1734,781,364,3,10584.27,8
1735,1141,333,2,35584.33,10
1736,488,291,1,9141.78,7
1737,1126,256,1,23574.64,10
1738,1161,108,2,31073.16,32
1739,1184,286,2,10150.22,7
1740,240,8,-2,13878.16,0
1741,1070,198,4,26094.83,7
1742,62,261,5,40321.23,35
1743,985,367,4,7389.99,35
1744,606,97,3,23084.58,5
1746,175,302,5,45331.52,30
1747,1128,329,2,11779.75,19
1748,648,427,1,2188.67,12
1750,572,484,3,57154.56,37
1751,153,170,1,54186.07,2
1752,799,217,3,5612.45,0
1753,805,470,3,18015.54,5
1754,461,145,1,48485.0,34
1755,817,315,5,16204.99,39
1756,1071,315,1,22100.33,35
1757,881,215,5,12217.9,35
1758,1095,372,5,33919.64,25
1759,941,402,1,31724.47,34
1760,1138,267,5,7186.97,33
1761,994,401,5,4451.61,1
1762,879,93,3,27266.7,4
1763,773,12,5,14281.18,1
1764,272,221,3,27327.67,40
1765,1145,426,2,22870.41,19
1766,1134,438,1,45687.04,36
1767,286,482,1,47059.51,23
1768,644,498,1,27688.18,29
1769,185,344,2,29347.84,24
1770,153,50,5,40411.16,35
1771,189,312,5,24228.49,8
1772,363,84,2,36229.2,30
1773,153,231,1,48688.65,16
1774,751,137,2,6403.62,35
1775,602,191,4,50022.99,2
1776,1036,65,1,50710.82,9
1777,752,255,1,42647.37,1
1778,102,33,4,13251.48,21
1779,109,236,2,12755.2,8
1780,963,91,5,9861.0,35
1781,574,3,1,5428.67,33
1782,1059,94,2,41361.95,28
1783,280,215,1,23430.22,34
1786,950,454,1,58865.19,5
1787,876,42,1,44657.7,14
1788,903,28,5,8256.24,2
1789,146,415,-4,35659.54,0
1790,991,132,1,52647.67,36
1791,1151,365,3,41977.7,14
1792,289,409,5,31361.99,26
1794,968,393,1,24863.83,5
1795,1055,474,2,58646.51,12
1796,1103,43,2,54111.62,4
1797,681,24,2,21172.52,35
1798,826,114,2,4216.37,18
1799,738,225,3,31488.67,15
1800,311,216,5,3722.48,17
1801,892,20,4,26923.5,37
1802,515,457,3,55863.84,32
1803,622,496,2,19143.38,14
1804,611,208,2,32457.51,21
1805,913,418,4,55628.02,3
1806,920,318,3,21211.11,23
1807,327,106,5,11048.06,0
1808,1108,480,3,54148.57,20
1809,1011,323,3,43864.13,38
1810,479,52,1,59807.21,29
1811,795,49,5,59178.18,1
1812,605,361,4,40950.43,3
1813,363,87,1,24426.76,39
1814,479,162,3,41948.09,5
1815,2,458,1,40045.0,11
1816,643,402,-5,21504.93,3
1817,856,389,1,4828.5,7
1818,375,465,3,58000.08,37
1819,696,17,4,17022.92,31
1820,908,361,2,50687.04,29
1821,102,477,3,42526.99,37
1822,58,468,2,40018.98,4
1823,805,148,5,13052.28,19
1824,25,105,5,7199.2,17
1825,65,450,2,25761.65,32
1826,583,33,1,32611.39,40
1827,193,490,2,59430.09,21
1828,357,492,5,21614.53,15
1829,1162,175,2,2837.71,24
1830,122,209,-4,34206.73,36
1831,40,204,5,25765.54,35
1832,1120,199,4,28702.29,2
1833,495,246,5,16096.65,8
1834,447,340,2,34259.53,18
1835,768,442,2,1328.62,25
1836,773,389,2,20117.04,0
1837,713,425,1,4465.42,13
1838,642,131,2,53940.75,11
1839,941,276,3,11107.84,3
1840,1173,360,2,13208.22,14
1841,196,36,1,44260.0,2
1842,864,430,1,21434.55,0
1843,1108,285,-4,30675.16,15
1844,239,46,4,23615.67,14
1845,14,145,3,57465.5,29
1846,1153,285,5,27123.74,36
1847,180,88,5,44243.1,27
1848,810,24,2,57199.75,15
1849,367,409,1,53096.18,9
1850,725,267,2,4756.49,29
1851,51,356,5,7652.33,28
1852,706,432,-2,13616.42,35
1853,388,221,2,6028.58,38
1854,351,35,3,54423.57,33
1855,1070,294,4,43395.09,23
1856,889,55,1,30237.66,13
1857,681,282,5,4985.03,37
1858,1166,384,4,41447.02,30
1859,193,196,5,31054.17,3
1860,696,470,2,28777.14,38
1861,138,281,4,36558.52,9
1862,1192,246,2,48241.98,17
1863,637,444,1,39475.66,32
1864,977,84,1,3333.06,35
1865,604,275,2,37553.8,14
1866,319,31,3,5411.96,17
1867,571,336,2,43895.42,33
1868,136,216,3,34678.73,12
1869,260,377,1,7742.08,40
1870,104,142,2,13219.15,8
1871,899,255,3,51044.14,8
1872,212,125,3,43099.35,2
1873,268,258,1,25133.93,3
1874,811,101,1,40962.7,3
1875,473,479,4,27469.39,22
1876,1198,50,5,32282.42,8
1877,47,334,2,59441.03,5
1878,152,241,3,22749.39,38
1879,326,299,5,13168.37,1
1880,1109,421,3,4106.16,24
1881,309,291,1,48107.36,12
1882,860,250,1,30115.12,23
1883,755,497,4,50501.93,25
1884,84,197,2,42055.53,9
1885,1049,412,4,21786.84,3
1886,588,399,3,18100.14,2
1887,884,201,2,41122.98,38
1888,461,291,4,20693.02,19
1889,772,86,4,11467.39,10
1890,889,452,1,5398.73,9
1891,842,341,2,55186.15,21
1892,1137,357,3,16066.65,9
1893,1055,436,5,38210.31,2
1894,1010,486,5,57027.22,39
1895,835,76,2,43488.86,5
1896,1170,350,4,15893.82,12
1897,491,455,2,43237.91,18
1898,383,456,3,40035.96,23
1899,461,126,3,56959.19,2
1900,494,40,1,42413.71,23
1901,1084,256,4,1776.57,17
1902,957,399,4,54976.64,36
1903,1023,170,4,24142.46,17
1905,1156,242,3,23642.35,38
1906,783,493,1,25911.39,17
1907,363,176,3,22259.35,34
1908,17,294,3,55525.05,39
1909,628,261,1,48904.48,11
1910,293,166,3,34585.42,25
1911,915,94,-1,51221.57,15
1912,566,70,2,22139.77,37
1913,545,93,4,7440.13,18
1915,323,482,4,49013.02,19
1917,938,116,-1,57666.93,1
1918,250,254,5,49334.9,10
1919,247,41,3,43820.38,28
1920,1141,144,3,9469.46,23
1921,573,379,2,26033.44,32
1922,532,137,4,3011.7,31
1924,303,114,4,27821.67,8
1925,820,350,3,24463.58,12
1926,229,143,1,38777.76,2
1927,732,418,2,48838.92,34
1929,312,248,2,43796.34,4
1930,655,238,2,7282.91,1
1931,465,496,5,41568.75,7
1932,446,391,4,31792.29,40
1933,1013,85,1,11987.72,12
1934,709,180,2,31134.04,25
1935,55,308,2,34579.25,40
1936,505,177,2,43176.28,39
1937,437,466,2,8986.68,9
1938,907,117,5,11487.24,33
1939,357,1,3,21879.08,30
1940,455,401,3,13607.56,14
1941,179,260,3,58322.37,30
1942,101,283,4,2829.14,11
1943,1020,404,1,45893.03,10
1944,410,196,1,6010.35,31
1945,812,52,3,38723.89,35
1946,1144,348,5,37963.99,11
1947,1010,342,4,55390.27,16
1948,529,400,4,28760.73,20
1949,538,68,2,12668.23,13
1950,313,73,-2,55186.59,32
1951,218,387,5,17593.01,9
1953,773,94,5,59574.88,21
1954,101,461,4,14610.37,40
1955,981,443,2,4093.48,7
1956,557,204,-4,16619.2,15
1957,646,118,5,56991.7,7
1959,790,90,4,39699.8,32
1960,818,118,5,49707.5,30
1962,653,129,5,4456.02,11
1963,138,189,1,25744.33,17
1965,188,296,4,35586.26,13
1966,924,281,4,21529.39,11
1967,2,416,2,1187.79,10
1968,325,342,1,4360.13,31
1970,881,464,5,24271.67,34
1971,930,208,1,34027.04,33
1972,152,85,4,29483.91,30
1973,380,68,4,39156.86,1
1974,695,357,5,57833.7,34
1975,1116,216,3,14310.16,40
1976,1171,461,3,12260.62,38
1977,783,169,3,11383.73,32
1978,1185,327,3,10983.17,7
1979,325,62,5,4248.26,1
1980,996,414,4,16410.02,18
1981,935,410,-3,28848.28,3
1982,862,496,5,27909.61,19
1983,892,255,4,17934.86,28
1984,634,454,1,25245.4,12
1985,712,219,1,15490.2,21
1986,833,126,3,18952.61,14
1987,78,302,4,58505.58,36
1988,382,493,4,26538.63,7
1989,1159,333,3,8327.46,24
1991,717,57,2,31788.07,29
1992,423,219,3,14162.77,5
1993,594,470,5,37283.82,35
1994,687,314,4,20985.99,18
1995,891,127,3,58345.24,16
1996,599,382,2,18512.75,16
1997,626,314,1,23791.76,38
1999,1178,452,-3,52636.7,16
2000,1150,88,2,13549.27,37
2001,861,66,5,43404.71,13
2002,1092,329,5,34999.95,17
2003,323,54,1,59862.61,36
2004,126,354,2,6997.1,30
2005,981,168,3,53964.34,33
2006,588,323,4,22295.59,30
2007,271,440,2,2333.81,0
2008,570,291,4,50910.57,24
2009,304,371,5,13484.42,3
2010,290,460,3,6487.5,7
2011,946,171,4,51872.72,33
2012,803,98,3,34982.78,40
2013,966,494,1,33367.1,27
2014,162,473,5,36608.09,4
2015,739,283,3,11430.24,20
2016,454,44,1,13447.05,34
2017,99,454,2,17867.74,11
2018,835,81,2,2105.78,15
2019,937,150,2,15980.88,13
2021,812,401,5,49888.59,2
2022,643,364,2,34187.94,17
2023,1194,492,1,9264.14,5
2024,998,225,3,3958.24,16
2025,77,155,2,50504.2,3
2026,1099,407,3,56840.23,10
2027,1146,313,3,25385.25,21
2028,690,374,2,12018.32,8
2029,314,320,2,658.22,1
2031,450,102,3,24556.66,28
2032,252,344,4,47020.46,23
2033,22,225,4,8605.47,30
2034,712,385,3,15022.5,3
2036,1192,285,3,48982.28,10
2037,444,139,2,2895.34,34
2038,140,485,5,48589.02,1
2039,334,491,2,39748.85,8
2041,531,339,5,27807.94,6
2042,976,329,4,19334.78,16
2043,375,474,3,3097.78,23
2044,466,275,4,9329.76,30
2045,696,259,1,10874.73,20
2046,1198,401,3,23178.12,34
2047,522,469,5,43509.95,9
2048,995,128,2,27137.03,4
2050,938,495,5,2613.62,22
2051,1133,213,5,3094.8,4
2052,102,442,4,17551.75,2
2053,462,307,2,21216.05,37
2054,516,356,3,10774.35,20
2055,225,253,1,10442.54,9
2056,795,384,3,15061.42,35
2057,335,11,3,51443.59,9
2058,770,91,4,40779.72,16
2059,784,436,2,54535.42,0
2060,401,104,3,17736.22,28
2061,38,157,5,50453.01,31
2062,1189,473,-3,803.44,29
2063,341,6,3,36869.6,24
2064,716,37,5,45988.71,20
2065,918,255,3,37472.45,11
2067,379,232,4,28502.5,10
2068,735,291,2,1150.46,5
2069,716,278,1,8591.42,38
2070,756,294,2,9139.47,18
2071,661,474,4,13180.14,9
2072,647,388,5,24193.17,27
2073,316,331,4,10424.39,39
2074,369,22,4,22681.29,21
2075,1054,14,5,20444.58,12
2076,220,115,5,45640.96,2
2077,1176,274,2,42291.91,10
2078,172,91,2,5752.24,11
2079,763,384,3,30730.57,7
2080,1103,79,4,32652.05,34
2081,823,153,1,6328.47,37
2082,670,135,5,32280.3,24
2083,626,385,2,50246.58,0
2084,796,91,5,55691.31,31
2085,1075,246,2,49931.31,33
2086,795,327,4,16977.96,25
2087,244,306,4,43480.81,13
2088,370,58,5,8540.47,27
2089,367,39,2,11063.0,19
2090,94,146,2,36742.88,34
2091,231,145,4,56265.89,36
2092,230,47,4,51775.78,28
2093,833,302,5,35684.28,39
2094,1079,50,2,30869.87,12
2095,1126,11,1,13238.48,27
2096,43,378,-2,42403.2,3
2097,403,383,2,32400.56,12
2098,387,447,1,330.55,40
2099,368,139,2,53189.13,15
2100,4,479,3,33233.73,10
2101,351,338,5,46061.65,3
2102,816,274,4,9924.44,29
2103,500,440,2,10720.89,35
2104,424,452,5,36603.89,24
2105,418,110,4,24509.79,5
2106,234,453,5,54791.75,25
2107,932,54,2,26099.8,19
2108,223,1,1,11473.33,32
2109,412,461,2,43042.09,9
2110,1108,435,5,43892.28,14
2111,383,237,5,43726.54,4
2112,667,363,1,24423.03,30
2113,195,334,1,25407.27,40
2114,1192,86,1,38124.76,34
2115,546,127,1,37308.08,29
2116,840,60,4,55101.43,7
2117,859,297,5,38630.77,34
2118,717,339,4,10773.89,1
2119,309,360,4,22674.54,25
2120,350,314,3,34527.29,6
2121,918,105,3,37042.89,37
2122,333,176,3,13488.59,17
2123,19,392,4,44316.63,8
2124,47,228,3,37681.35,9
2125,844,217,5,59308.92,19
2126,897,294,5,23841.8,1
2127,1134,401,5,27491.33,31
2128,721,352,5,51051.43,18
2129,155,489,5,11693.12,38
2130,620,58,4,27776.4,18
2131,1063,484,3,12454.85,37
2132,1093,55,4,17648.74,37
2134,1055,413,4,52562.71,20
2135,243,428,1,9925.18,8
2136,81,204,4,17463.69,38
2137,38,431,5,10830.58,34
2138,735,267,1,46233.33,0
2139,1106,294,5,11478.24,2
2140,625,342,5,33108.81,39
2141,971,135,1,33244.6,26
2142,485,8,2,55534.72,28
2143,27,25,1,12849.96,22
2144,826,53,5,53327.41,38
2145,417,9,3,23305.41,6
2146,1158,99,4,58727.0,18
2147,1167,27,5,45694.08,1
2148,1088,242,2,24925.28,2
2149,418,219,3,53324.48,7
2150,556,471,3,18250.66,16
2151,89,202,4,16528.1,21
2152,1145,463,4,49128.16,23
2154,705,313,5,26227.66,30
2155,872,394,2,11135.78,11
2156,17,170,2,13005.75,40
2157,604,226,1,15591.33,19
2158,797,156,5,17385.56,20
2159,457,308,4,19642.83,6
2160,475,274,2,18821.13,31
2161,281,148,3,43746.38,13
2162,116,2,2,23723.75,11
2163,140,476,4,14286.03,40
2164,949,254,2,25593.36,17
2165,1118,375,2,37087.38,35
2166,658,284,3,10341.05,37
2167,349,349,3,8482.59,20
2168,237,258,3,29406.29,39
2169,137,29,3,54982.59,33
2170,97,186,3,35997.25,16
2171,630,138,4,13896.23,23
2172,731,396,2,17924.03,33
2173,606,58,4,7233.04,37
2174,1170,236,2,15671.45,38
2175,683,119,4,30681.65,1
2176,256,272,2,25334.99,4
2177,491,423,5,55114.81,11
2178,77,263,4,30411.05,11
2179,1141,35,3,47684.79,30
2180,403,5,3,49649.87,27
2181,129,161,2,7421.41,19
2182,436,475,3,43763.42,30
2183,1049,26,1,30761.86,6
2184,980,97,3,16825.06,24
2185,982,227,4,56017.57,37
2186,134,159,2,12673.02,25
2187,1179,132,4,37783.39,27
2188,700,27,5,35293.76,37
2189,76,58,1,31982.73,35
2190,467,296,1,31924.37,14
2191,698,84,1,42285.88,34
2192,1070,149,3,10295.05,18
2193,1054,398,5,17922.69,39
2194,1194,190,4,10324.72,23
2195,1005,169,5,20976.92,33
2197,147,226,5,27819.37,34
2198,152,420,2,18024.46,34
2199,926,461,1,27781.11,21
2200,1084,154,3,55533.89,6
2201,423,218,4,45656.91,10
2202,802,268,1,5071.71,13
2203,430,271,5,20568.97,27
2204,234,397,1,34729.52,39
2205,1007,428,5,4879.2,21
2206,47,378,5,39435.8,36
2207,342,427,1,26773.16,36
2208,647,76,5,51700.44,27
2209,453,422,3,5456.87,20
2210,1103,385,1,45297.2,29
2211,25,394,-3,11790.02,25
2212,249,63,5,14543.75,37
2214,630,69,3,21038.75,15
2215,87,294,1,41436.06,20
2216,207,439,5,43059.01,2
2217,125,451,2,18030.28,29
2219,777,388,4,8477.67,28
2220,715,261,5,24116.5,15
2221,496,409,5,3715.18,0
2222,1116,165,4,5511.82,40
2223,923,341,2,5248.3,21
2224,770,123,5,29291.87,11
2225,237,52,4,17481.62,25
2226,88,338,2,50315.32,15
2227,373,234,1,51330.09,34
2228,775,210,1,20652.61,15
2229,1068,43,4,48453.55,16
2230,845,40,1,53608.75,39
2231,946,491,3,38112.9,13
2232,614,210,3,2666.94,23
2233,77,97,5,32857.09,8
2234,439,5,3,8648.32,26
2235,276,479,5,52354.51,16
2236,555,233,1,31779.23,37
2237,650,407,2,55601.24,36
2238,92,215,4,24187.7,38
2239,8,292,2,10470.68,34
2240,570,481,5,30597.94,17
2241,719,58,2,49886.37,21
2242,930,70,4,7484.82,17
2243,44,329,4,48382.04,35
2244,217,388,4,50364.71,17
2245,72,104,3,56831.95,37
2246,1071,462,1,30484.7,13
2247,908,334,3,57711.85,14
2248,440,208,-3,45682.76,28
2249,515,49,-2,43075.86,38
2250,231,483,3,11660.78,40
2251,48,96,5,7750.21,8
2252,342,497,1,55437.4,4
2253,349,442,2,53676.88,39
2254,730,231,4,8123.64,17
2255,136,11,1,42465.84,31
2256,558,52,5,12983.98,17
2257,492,431,5,38630.47,3
2258,634,51,2,8737.48,17
2259,954,15,5,43838.37,35
2260,799,131,5,24471.74,11
2261,161,254,3,47627.71,11
2263,106,19,2,18398.18,33
2264,782,111,1,28545.98,9
2265,919,356,2,3459.82,9
2266,66,305,3,46788.02,15
2267,849,370,2,4297.7,23
2268,1114,299,1,697.59,29
2269,642,16,1,5837.2,15
2270,1154,495,1,1657.21,29
2271,946,46,2,45182.85,2
2272,352,83,1,6638.51,34
2274,1016,73,2,7285.02,16
2275,573,381,4,47561.6,31
2276,343,281,1,28490.26,0
2277,628,126,4,3322.24,9
2278,618,151,2,11101.66,9
2279,814,8,2,20605.04,13
2281,625,380,4,47890.39,30
2282,770,316,1,12573.82,11
2283,724,162,1,13556.49,8
2284,162,334,4,36200.41,19
2285,50,497,2,16293.87,22
2286,736,300,5,21110.26,24
2287,217,55,5,40078.15,20
2288,1100,298,1,10326.7,27
2289,829,388,3,43977.16,34
2290,523,246,5,25734.8,32
2291,260,110,4,22824.21,3
2292,1025,270,-3,18786.5,16
2293,473,225,5,58587.66,36
2294,67,252,3,37220.7,36
2295,896,154,1,3116.08,36
2296,1084,478,2,23642.98,40
2297,405,403,3,58780.88,17
2298,1045,224,3,26997.94,2
2299,241,115,5,57931.31,26
2300,885,96,2,42893.51,0
2301,341,103,4,41210.52,9
2302,736,463,3,189.26,13
2303,5,32,1,1188.6,33
2304,598,381,4,27260.88,37
2305,10,2,5,31313.43,36
2306,249,130,-1,24431.01,0
2307,190,197,5,45202.82,40
2309,1192,345,5,56709.75,36
2310,92,199,1,32552.44,21
2311,169,483,5,25572.92,16
2312,84,26,1,55289.43,37
2313,449,128,4,7212.57,6
2315,175,163,1,39762.95,35
2316,531,169,5,8577.15,36
2318,25,36,3,12286.85,15
2319,842,16,4,19366.93,36
2320,513,146,5,53445.19,17
2321,885,227,2,42995.23,6
2323,1039,78,2,39191.83,32
2324,592,496,1,9042.58,25
2325,1088,178,5,53245.83,31
2326,666,464,2,28107.38,22
2327,395,211,3,9670.19,14
2328,931,9,1,17750.09,10
2329,1147,487,2,33144.46,21
2330,238,352,4,56302.26,40
2331,671,178,5,1172.15,25
2332,65,32,4,36136.74,14
2333,874,210,1,3321.55,8
2334,1070,74,4,5291.29,5
2335,360,103,2,34111.12,40
2336,719,46,2,1858.97,16
2337,767,6,4,44152.17,27
2338,460,490,3,18792.19,2
2339,626,336,2,53640.64,28
2340,449,437,3,23030.88,1
2341,181,171,2,509.93,31
2343,717,286,4,5076.14,26
2344,335,482,3,45436.05,8
2345,376,202,4,59213.25,32
2346,857,361,4,56103.35,25
2348,838,437,5,26575.67,17
2349,601,243,4,49809.17,10
2350,426,186,1,2286.32,6
2351,622,257,5,29054.02,19
2352,258,121,3,51859.26,13
2353,630,372,4,52734.44,24
2354,227,78,1,20243.08,40
2355,518,310,3,9901.25,16
2356,353,9,4,39629.5,17
2357,181,393,1,6154.41,39
2358,401,280,5,4910.44,9
2359,6,439,4,14086.75,14
2360,589,257,5,48396.86,4
2361,568,301,4,32256.74,25
2362,38,178,1,49011.86,2
2363,330,418,3,18729.02,17
2364,382,127,1,7195.99,25
2365,1082,218,1,49445.36,15
2366,206,366,5,23164.53,3
2367,128,358,2,6391.57,28
2368,102,42,1,48474.51,2
2369,430,153,4,48816.15,15
2370,1017,383,1,35422.67,29
2371,1137,213,1,46862.39,6
2372,795,453,2,45657.52,22
2374,956,421,5,19786.54,23
2375,247,40,2,57496.44,21
2376,1086,85,1,1455.77,10
2377,909,268,1,28353.26,29
2378,116,367,2,28130.1,26
2379,57,283,5,6752.98,39
2380,317,67,2,40643.08,37
2382,994,174,2,2515.07,26
2383,218,461,1,11005.46,18
2385,348,334,3,40180.87,18
2386,277,110,4,57844.13,10
2387,249,201,5,2379.28,24
2388,784,283,3,50830.26,16
2389,967,11,4,48070.74,22
2390,243,126,5,50997.3,23
2392,611,422,2,23364.87,0
2393,20,112,2,21902.32,33
2394,321,145,2,42198.69,7
2395,455,296,2,17384.65,18
2396,452,13,1,18155.52,6
2397,153,417,1,19051.93,14
2398,207,189,1,22685.71,23
2399,1127,199,3,24316.36,15
2400,676,120,-3,33042.04,5
2402,862,133,2,29485.98,37
2403,251,164,4,14882.24,21
2404,228,71,5,46248.66,28
2405,675,414,1,8125.79,37
2406,1153,255,5,5997.9,23
2407,771,438,1,45769.39,38
2408,466,376,4,1229.76,18
2409,892,389,3,46324.94,27
2410,960,73,1,21550.37,28
2411,944,105,1,49631.91,29
2413,471,247,1,13069.13,31
2414,468,272,1,46601.37,28
2415,150,431,3,30244.97,20
2416,371,197,1,9803.66,11
2417,808,351,5,24229.32,9
2418,381,285,5,50050.94,2
2419,878,129,2,716.11,24
2420,295,245,1,51594.04,13
2421,427,373,5,58017.02,25
2422,284,184,5,7610.28,33
2423,1033,428,4,36482.15,26
2424,62,409,3,31069.05,33
2425,479,91,1,41665.91,23
2426,532,4,3,47313.59,33
2427,297,243,2,34704.86,5
2428,671,306,4,25800.95,16
2429,644,99,3,24748.48,3
2430,1025,305,4,30038.71,21
2431,326,224,1,35243.12,1
2432,1080,133,2,50720.19,30
2433,825,384,2,27380.96,13
2434,361,90,2,28980.51,6
2435,952,426,3,39109.8,31
2436,248,496,4,6485.82,10
2437,604,81,5,52994.15,23
2438,550,429,5,24308.48,35
2439,768,90,-1,50149.19,37
2440,1198,439,2,11312.11,11
2441,1165,407,5,933.46,17
2442,815,138,4,49746.63,3
2443,52,445,1,27089.56,1
2444,165,205,2,26794.33,2
2445,23,482,1,17543.2,12
2446,847,428,4,11094.03,17
2447,459,437,1,51795.23,28
2448,571,401,4,26050.55,15
2449,11,277,2,57478.37,2
2450,666,134,1,9460.8,22
2451,1127,167,1,41962.96,14
2452,461,66,4,42072.79,31
2453,179,82,5,7160.59,24
2454,98,153,5,49044.54,3
2456,930,442,2,33222.59,19
2457,421,302,4,15960.02,40
2458,48,232,1,30389.36,34
2459,6,215,4,59623.67,26
2460,45,87,1,32783.85,6
2461,352,305,1,10037.65,4
2462,613,452,2,37219.82,17
2463,1173,468,1,35128.42,11
2464,714,491,-2,14911.24,11
2465,344,126,3,4127.42,9
2466,679,177,1,6899.97,14
2467,581,169,1,13639.58,25
2468,1136,414,5,17161.74,13
2469,503,99,2,17743.14,15
2470,335,304,-4,8022.54,34
2471,1156,383,5,59989.29,14
2472,552,386,3,5518.91,37
2473,683,385,5,23630.03,39
2474,275,488,1,7162.47,15
2475,823,102,1,28919.21,19
2476,570,82,1,54394.23,24
2477,550,329,1,34024.8,28
2478,201,301,2,10930.61,28
2479,470,52,4,22405.38,25
2480,868,438,3,28459.81,9
2481,1042,323,4,15187.28,6
2483,469,14,1,34307.81,10
2484,1092,463,3,18992.76,8
2485,392,86,1,3861.4,14
2486,727,6,3,5735.82,13
2487,286,52,5,38426.85,19
2488,102,265,4,29158.36,37
2489,287,134,4,36367.33,8
2490,515,441,2,9284.19,5
2491,484,363,3,37734.12,20
2492,1106,406,1,35482.98,0
2493,1112,248,4,2582.7,31
2494,1177,102,2,52849.59,10
2495,1144,221,3,5806.97,39
2496,340,175,4,43013.06,18
2497,564,30,5,20079.26,32
2498,736,377,5,31871.25,34
2499,657,359,4,42665.03,30
2500,353,10,5,16040.92,30
2501,1198,399,2,21808.51,13
2502,654,378,3,4901.17,37
2503,1138,82,-2,11095.66,22
2504,218,274,2,21224.86,40
2505,615,229,2,33192.99,12
2506,516,451,2,38802.53,5
2507,348,406,2,14816.46,17
2508,1167,294,2,35681.9,0
2509,856,202,2,49905.37,28
2510,840,205,1,15810.34,21
2511,108,493,5,21742.26,12
2512,978,429,3,38856.25,1
2513,154,26,1,34537.76,15
2514,412,276,5,10740.43,10
2515,950,48,1,56983.3,14
2516,12,356,1,25250.33,1
2517,295,237,4,39578.64,20
2518,820,57,4,49874.11,3
2519,893,446,2,23516.25,13
2520,725,6,1,34389.33,14
2521,410,139,4,5498.89,27
2522,457,345,1,12414.6,12
2523,235,7,5,15612.62,5
2524,614,71,2,42953.43,24
2525,590,60,2,27640.03,29
2526,796,268,3,28648.87,26
2527,65,217,2,47423.34,38
2528,93,420,3,52811.97,4
2529,697,52,5,33073.69,1
2530,1013,318,5,33921.45,11
2531,375,22,2,17293.16,14
2533,551,177,4,46876.2,12
2534,797,294,3,26973.25,0
2535,601,396,5,22246.42,14
2536,281,215,5,34112.42,17
2537,355,102,5,26089.02,17
2538,25,491,1,35777.65,14
2539,691,321,3,28954.36,17
2540,801,372,3,14143.9,37
2541,67,298,2,28669.64,4
2542,876,26,3,29374.85,40
2543,193,151,2,27391.08,33
2544,435,235,1,23831.14,24
2545,925,432,3,52720.37,16
2546,958,68,4,45325.6,25
2547,138,189,3,52947.86,5
2548,1060,383,5,34318.08,3
2549,974,474,-2,34654.19,7
2550,1059,158,3,2556.48,29
2551,1152,198,1,17474.35,15
2552,878,18,3,53975.57,14
2553,910,137,4,35569.19,15
2554,812,248,4,39985.73,1
2555,965,359,1,32924.82,8
2556,376,216,4,53282.37,30
2557,576,398,1,36897.07,32
2558,1039,221,3,13160.0,21
2559,96,199,4,45110.65,36
2560,624,349,2,41812.9,39
2561,1032,388,4,59245.94,1
2562,645,409,3,50904.82,40
2564,1149,217,1,32749.4,25
2565,907,16,4,23506.17,11
2567,1189,298,2,46027.59,32
2568,165,345,5,49002.43,10
2569,1151,79,4,42175.43,13
2570,478,238,1,27506.71,0
2571,631,313,3,10379.78,37
2572,62,106,5,32180.18,15
2573,179,346,2,57462.71,19
2574,40,58,3,21591.67,36
2575,858,231,1,59633.65,38
2576,697,420,5,26407.43,0
2577,1087,84,3,13996.82,32
2578,570,338,2,48722.21,9
2579,155,239,5,6787.6,30
2580,12,198,4,57235.5,17
2581,234,176,5,34835.91,3
2582,518,452,5,55268.38,9
2583,1047,48,3,188.21,28
2584,235,244,1,56221.25,9
2585,612,22,4,52802.15,13
2586,1105,17,5,38473.25,4
2587,824,77,5,10019.7,26
2588,607,427,3,50562.59,20
2589,62,339,1,27512.83,33
2590,1187,495,3,57089.43,11
2591,957,324,3,5420.16,26
2592,867,480,5,41156.84,38
2593,789,440,1,10372.28,30
2594,272,8,5,2082.31,8
2595,492,320,1,27431.74,40
2596,359,473,4,11757.64,16
2597,448,167,5,22950.96,11
2598,685,268,4,54009.42,5
2599,605,415,2,17965.57,23
2602,1168,232,4,49392.79,3
2603,772,333,4,146.07,18
2604,652,69,3,2617.52,22
2605,871,131,5,45258.56,34
2607,558,431,5,32852.38,7
2608,1168,232,4,15001.3,23
2609,820,211,2,59943.86,8
2610,79,196,4,48427.15,38
2611,1084,209,3,35159.9,8
2612,636,291,4,58070.66,11
2613,104,488,3,11241.12,33
2614,340,493,-4,33864.16,8
2615,854,204,1,57993.25,36
2616,363,97,3,22679.63,37
2617,317,302,5,47488.42,35
2618,657,385,5,44114.75,25
2619,951,364,4,27111.29,11
2620,889,7,3,7372.94,16
2621,101,268,3,53723.25,15
2622,410,309,5,44787.54,38
2623,259,207,1,1856.92,4
2624,102,335,4,55803.78,9
2625,138,490,3,44497.36,14
2626,583,375,5,4335.95,19
2627,419,265,5,29792.8,9
2628,1114,241,2,2087.0,39
2629,671,427,4,17897.65,8
2630,24,169,5,58180.3,9
2631,375,120,3,49915.88,1
2632,993,219,4,36557.01,6
2633,535,287,5,24100.66,36
2634,1117,472,1,38977.2,23
2635,270,451,1,5201.99,23
2636,6,230,5,24568.62,6
2639,247,364,2,19147.46,4
2640,988,339,5,19013.34,25
2641,107,255,4,29802.5,10
2642,717,32,2,25200.72,36
2643,368,495,1,8882.1,21
2644,1196,306,1,35488.1,33
2645,431,236,1,11473.65,11
2646,636,141,-4,17268.01,38
2647,555,253,4,1637.79,34
2648,264,397,2,18981.27,4
2649,11,355,4,24870.98,4
2650,147,403,4,37829.51,35
2651,732,46,4,41735.08,10
2652,711,41,3,21165.35,12
2653,76,310,1,33544.83,22
2654,706,178,5,44545.06,6
2655,926,134,3,43126.96,39
2656,750,128,5,40017.69,25
2657,1008,421,-4,261.3,18
2658,504,457,1,43037.79,20
2659,241,277,3,59084.25,15
2660,1119,77,-2,4977.95,34
2662,82,123,5,22367.63,34
2663,571,322,1,39638.28,34
2664,311,201,3,9531.13,21
2665,783,145,4,42586.71,13
2666,485,176,4,8015.85,3
2667,960,154,3,51015.25,32
2669,1144,248,1,35835.19,2
2670,241,307,5,5650.12,40
2671,578,444,2,4823.76,12
2672,298,416,4,22776.48,6
2673,565,284,3,33696.54,21
2674,818,124,2,39522.56,7
2675,826,17,3,59652.28,10
2676,643,116,5,54308.53,0
2677,559,187,3,17846.33,3
2678,282,471,2,4887.7,4
2679,151,422,5,34380.47,15
2680,863,449,4,48254.0,26
2681,835,93,2,19670.34,36
2682,6,187,2,58575.76,8
2683,151,379,5,18142.29,8
2684,1138,465,4,455.67,24
2686,489,223,1,22320.78,8
2687,180,332,4,16032.32,0
2688,248,6,2,35239.84,37
2689,338,31,2,38381.76,9
2690,48,312,3,20404.09,12
2692,230,295,2,58153.63,2
2693,1093,221,1,8069.57,29
2694,1010,479,3,39729.01,16
2695,281,23,3,17221.22,35
2696,577,356,3,55551.16,14
2697,255,286,1,37874.24,7
2698,798,179,3,31810.61,18
2699,580,391,3,23948.4,25
2700,344,306,3,9049.54,31
2701,108,162,4,22855.18,15
2702,837,53,4,50437.35,19
2703,63,230,1,17850.33,40
2704,864,462,4,1060.52,12
2705,129,188,5,21973.44,4
2706,408,349,1,4164.31,14
2707,185,217,4,48556.9,20
2708,711,270,4,34367.69,23
2709,524,155,1,12630.41,37
2710,906,291,3,3491.2,24
2711,749,110,1,40832.56,20
2712,958,299,1,19227.14,29
2714,616,434,4,34886.11,27
2715,253,284,2,11769.02,20
2716,1014,136,5,27654.36,35
2717,767,352,4,3045.64,11
2718,980,434,4,48097.2,5
2721,389,436,2,41443.17,38
2722,436,403,2,12698.97,25
2723,82,96,5,55301.41,20
2725,383,133,2,26413.83,15
2726,327,115,5,52061.22,9
2727,489,352,2,1399.3,6
2728,1,34,4,37049.16,14
2729,359,265,3,17670.77,13
2730,1014,338,1,36318.53,33
2731,19,410,4,19950.83,20
2732,673,432,3,41433.61,8
2733,118,469,4,19484.09,36
2735,806,404,3,59082.41,13
2736,378,397,4,59574.42,9
2737,1010,231,4,28065.04,13
2738,849,454,5,42020.62,2
2739,823,476,3,43833.78,1
2740,908,2,2,33554.85,3
2741,71,172,5,18860.2,39
2742,624,70,3,5180.38,2
2743,610,373,1,8023.36,31
2744,890,243,3,30429.74,27
2746,29,432,1,14782.1,25
2747,1042,340,3,38094.14,25
2748,538,485,4,43762.82,18
2749,548,162,5,29193.5,37
2750,1071,474,2,58858.32,36
2751,1177,430,5,42513.24,38
2752,528,307,5,25692.23,37
2753,646,417,3,950.94,18
2754,426,74,4,46527.15,27
2755,262,68,2,58524.04,16
2756,208,67,1,9501.21,35
2757,1093,413,1,39665.92,6
2758,591,288,-3,13755.91,1
2759,150,94,4,26272.55,10
2760,396,419,5,58332.93,19
2761,615,89,2,20526.38,29
2762,1007,33,5,46483.64,33
2763,264,105,4,31598.99,34
2765,1070,26,4,41881.95,12
2766,524,295,3,24108.76,29
2767,1178,307,5,58350.74,17
2768,665,264,4,41233.24,39
2769,793,99,5,14562.37,0
2770,911,79,2,23758.79,7
2771,1113,31,5,52815.41,26
2772,821,68,1,6027.49,20
2773,653,376,4,41094.59,26
2774,677,256,5,56826.61,20
2775,735,455,4,21188.7,11
2776,883,141,1,510.23,24
2777,692,267,4,48520.56,8
2778,118,183,1,24941.92,22
2780,1050,302,-5,28391.34,18
2784,611,415,3,9317.59,13
2785,843,32,2,2808.81,21
2786,1108,314,5,13478.0,38
2787,570,383,-1,12834.21,37
2788,888,327,1,49437.98,30
2789,1180,450,4,8182.28,17
2790,314,285,3,6660.0,23
2791,554,270,1,17999.56,2
2792,725,386,4,45132.35,31
2794,457,294,3,40642.15,21
2795,1124,24,-2,39505.88,27
2796,514,139,2,39075.35,2
2797,185,182,5,36067.83,8
2798,575,313,1,28171.77,19
2799,466,50,5,44671.7,29
2800,1091,224,4,21818.19,23
2801,233,337,3,4094.95,27
2802,1071,370,2,12167.85,32
2803,265,430,5,19268.0,33
2804,1054,413,3,6450.67,26
2805,451,87,4,1964.57,23
2806,772,367,5,45428.97,10
2807,985,150,5,12666.24,28
2808,6,197,4,10989.42,37
2809,178,191,1,58905.39,33
2810,185,240,5,30089.1,18
2811,782,422,3,49319.97,36
2812,1124,304,1,56020.49,9
2814,1030,485,5,1715.79,9
2815,467,242,5,3491.18,27
2816,559,447,5,37698.47,28
2818,532,37,4,25301.08,20
2819,1075,40,5,32493.14,2
2820,431,237,5,4071.9,37
2821,1012,309,1,33513.8,19
2822,800,86,4,49623.78,13
2823,1128,263,-4,24720.39,33
2824,319,492,1,41146.35,25
2825,488,304,4,40907.4,11
2826,58,324,3,44319.84,35
2827,1120,52,2,55711.06,34
2828,793,434,1,30693.54,8
2829,55,333,4,521.87,25
2830,76,448,1,2919.81,37
2831,986,400,2,35409.83,9
2832,474,115,3,54326.82,32
2833,895,339,3,36487.57,29
2835,1047,315,4,51748.91,14
2836,392,174,3,41461.97,0
2837,906,121,1,45979.94,13
2838,675,175,1,40912.6,20
2839,68,184,2,38658.08,33
2840,456,265,3,42683.41,17
2841,638,189,5,32289.96,6
2842,638,33,3,53277.06,3
2843,210,386,2,56178.92,20
2844,407,206,5,59429.76,7
2845,806,420,5,36144.26,2
2846,897,450,4,37112.82,34
2848,874,263,3,15877.93,30
2849,601,13,2,49182.23,27
2850,876,489,3,48882.77,4
2851,276,314,3,28837.97,31
2852,427,445,1,21368.53,31
2853,329,308,2,39786.53,14
2854,806,493,5,46463.99,13
2855,280,290,1,19952.46,23
2856,624,329,2,59756.19,14
2857,615,47,4,51286.73,23
2858,711,321,3,32298.9,37
2859,797,13,4,54631.88,19
2860,788,434,4,42570.24,24
2861,251,177,5,21468.52,18
2862,998,138,5,6982.78,4
2863,690,7,2,53863.83,4
2864,193,208,5,33153.5,18
2865,203,117,3,50282.85,30
2866,120,362,5,15383.22,35
2867,998,416,4,17339.31,8
2868,257,275,4,17388.07,40
2869,413,395,1,48733.27,27
2870,713,497,1,34550.76,37
2871,384,60,5,53452.43,26
2872,942,64,5,44800.67,26
2873,160,1,2,59843.18,25
2874,570,90,1,8152.19,8
2875,451,138,5,35344.15,2
2876,428,372,4,58319.76,35
2877,863,250,3,37070.1,1
2878,927,315,1,19711.13,40
2879,827,62,3,17696.56,39
2880,503,398,3,3853.76,19
2881,739,223,3,8492.74,24
2882,226,282,4,14855.34,8
2883,137,291,5,46959.46,22
2884,782,458,5,38058.97,22
2885,324,328,2,29209.46,28
2886,539,416,-1,17987.97,2
2887,1122,166,1,58370.88,21
2888,427,426,3,46791.3,16
2889,818,247,2,10916.02,34
2890,2,154,4,45326.19,14
2891,740,142,4,43899.78,5
2892,988,150,5,49784.57,9
2893,235,134,5,27533.51,33
2894,649,110,1,8127.38,0
2896,871,49,5,11739.72,33
2898,499,44,3,12447.21,5
2899,133,129,2,26044.74,34
2900,213,484,1,29204.53,35
2901,935,50,1,36946.85,25
2902,656,217,3,7819.55,29
2903,833,329,5,39136.7,0
2904,877,421,5,39427.09,15
2905,148,191,-3,10834.43,12
2906,69,28,2,11794.74,11
2907,885,448,3,58610.73,21
2909,196,50,3,47316.85,1
2910,984,19,1,18970.72,16
2912,512,106,5,8524.91,8
2913,570,20,1,59473.71,14
2914,268,95,2,2926.77,24
2915,57,49,5,45474.75,4
2916,426,132,5,18474.16,14
2917,395,117,2,21880.67,33
2918,240,408,2,9583.6,38
2919,844,348,3,20062.07,13
2921,877,407,1,10478.43,37
2924,970,321,2,16676.0,36
2925,739,91,5,28366.67,14
2926,189,172,2,59837.0,25
2927,681,289,1,16123.91,24
2928,758,404,2,52353.01,32
2929,854,214,3,6403.06,30
2930,757,113,2,24318.76,37
2931,327,148,4,46669.54,17
2932,807,223,3,40048.71,21
2933,1189,358,4,7724.18,40
2934,1181,283,3,44901.47,9
2935,796,253,5,9129.0,6
2936,168,81,4,51818.34,26
2937,1121,477,2,19506.5,13
2938,587,211,5,19778.56,27
2939,1184,14,4,47109.06,25
2940,302,152,5,28276.3,40
2941,1119,404,1,24975.31,22
2942,1025,43,1,23679.72,32
2943,946,46,1,14766.1,31
2944,971,67,4,3629.95,10
2946,988,491,5,54239.77,1
2947,287,198,3,34473.07,7
2948,251,147,4,47046.89,37
2949,906,204,2,19466.55,17
2950,1185,426,2,23377.16,18
2951,831,106,2,35911.09,29
2952,1199,441,-5,37873.49,19
2953,810,421,5,15809.64,5
2954,225,93,4,42180.7,24
2955,1162,236,1,37263.27,28
2956,53,211,5,13529.36,21
2957,228,17,1,57360.36,6
2958,1170,15,1,24140.99,15
2959,558,375,5,2129.85,5
2960,475,140,3,13005.11,26
2961,421,490,3,32055.4,6
2962,1154,280,3,5407.79,3
2963,890,253,5,13068.96,4
2964,1115,47,1,24087.36,18
2965,171,396,1,2948.88,19
2966,331,458,1,9116.28,35
2967,855,437,4,55557.19,25
2968,68,383,1,52582.64,38
2969,598,74,1,57290.91,12
2970,675,155,5,15741.87,9
2971,430,164,2,4573.76,3
2972,1159,344,1,29191.24,37
2973,1114,196,1,4882.27,30
2974,177,405,4,7048.77,8
2975,201,299,3,55580.75,1
2976,622,464,4,40173.51,0
2978,1093,236,3,19095.12,31
2979,154,396,5,12866.29,27
2980,1045,189,4,22895.81,27
2981,147,123,5,47338.22,5
2982,1023,155,5,58240.49,24
2983,1183,147,2,15045.27,9
2984,582,450,1,4660.5,15
2986,380,199,1,24450.55,16
2987,691,86,3,10612.47,31
2988,154,2,2,38016.5,18
2989,134,479,4,35066.59,38
2990,566,267,5,54902.6,22
2991,579,260,5,58920.29,38
2992,120,16,3,6447.42,40
2993,698,222,4,20937.3,25
2994,746,399,5,17845.0,9
2995,378,230,1,27395.52,24
2996,741,208,3,1650.83,24
2997,976,12,1,5071.89,17
2998,456,3,4,30603.72,26
2999,534,21,5,26760.27,6
3000,8,496,4,24609.77,38
