order_id,customer_id,order_date,status,region_code
1,406.0,2026-01-10 06:37:24,PLACED,SOUTH
2,5.0,2025-09-02 13:16:56,SHIPPED,SOUTH
3,65.0,2024-09-13 03:28:52,RETURNED,NORTH
4,375.0,2025-05-20 20:40:44,DELIVERED,SOUTH
5,502.0,2026-02-03 18:25:18,RETURNED,EAST
6,117.0,2024-10-25 11:04:21,DELIVERED,EAST
7,305.0,2025-03-11 21:43:45,RETURNED,NORTH
8,245.0,2025-06-21 22:38:44,DELIVERED,NORTH
9,524.0,2026-01-04 18:41:44,CANCELLED,WEST
10,434.0,2025-08-13 18:08:06,SHIPPED,WEST
11,178.0,2025-01-17 03:13:50,RETURNED,SOUTH
12,323.0,2025-04-26 10:58:30,CANCELLED,NORTH
13,497.0,2025-05-22 17:28:47,SHIPPED,SOUTH
14,518.0,2025-12-01 02:55:16,CANCELLED,WEST
15,455.0,16-01-2026,CANCELLED,SOUTH
16,226.0,2025-06-25 15:29:33,DELIVERED,NORTH
17,173.0,2024-12-01 01:20:02,CANCELLED,WEST
18,117.0,2025-04-24 02:43:47,DELIVERED,EAST
19,452.0,2025-08-30 16:29:08,RETURNED,SOUTH
20,254.0,2025-08-23 06:18:41,DELIVERED,NORTH
21,90.0,2026-07-07 16:29:47,CANCELLED,NORTH
22,360.0,2025-07-27 07:03:02,RETURNED,WEST
23,212.0,2025-01-02 08:20:31,SHIPPED,NORTH
24,552.0,2025-01-19 20:04:54,SHIPPED,EAST
25,587.0,2025-05-19 11:53:46,DELIVERED,NORTH
26,422.0,2025-11-21 12:41:15,PLACED,EAST
27,136.0,2025-09-03 02:39:55,SHIPPED,SOUTH
28,403.0,2024-09-29 13:00:35,CANCELLED,SOUTH
29,425.0,2025-05-07 10:54:44,CANCELLED,WEST
30,96.0,2025-04-02 03:53:14,CANCELLED,EAST
31,466.0,2024-11-25 11:45:53,CANCELLED,EAST
32,96.0,2025-03-18 00:14:08,CANCELLED,EAST
33,408.0,2025-10-31 02:31:16,SHIPPED,WEST
34,331.0,2026-01-22 13:52:23,DELIVERED,EAST
35,,2024-11-09 23:29:32,DELIVERED,NORTH
36,471.0,2025-03-21 19:15:01,PLACED,NORTH
37,468.0,2026-03-01 11:48:27,PLACED,WEST
38,136.0,2026-02-15 18:25:29,DELIVERED,SOUTH
39,96.0,2025-10-07 13:31:14,DELIVERED,EAST
40,170.0,2025-05-27 02:11:00,PLACED,WEST
41,240.0,15-05-2026,CANCELLED,NORTH
42,489.0,2024-12-26 21:37:04,PLACED,SOUTH
43,456.0,2025-11-21 23:34:45,PLACED,NORTH
44,433.0,2024-10-31 06:57:12,SHIPPED,WEST
45,105.0,2025-12-23 11:40:13,PLACED,EAST
46,392.0,2024-09-10 00:38:52,SHIPPED,SOUTH
47,169.0,2025-12-31 14:10:49,CANCELLED,EAST
48,156.0,2025-01-02 21:11:47,CANCELLED,WEST
49,103.0,2025-10-05 23:18:25,SHIPPED,NORTH
50,440.0,2024-10-25 05:11:38,DELIVERED,SOUTH
51,255.0,2026-03-09 10:12:43,RETURNED,EAST
52,309.0,2025-02-04 11:44:49,SHIPPED,SOUTH
53,56.0,2025-03-17 02:15:33,SHIPPED,WEST
54,73.0,2026-02-16 20:27:17,RETURNED,NORTH
55,136.0,2025-02-17 05:22:24,CANCELLED,WEST
56,483.0,18-06-2025,PLACED,NORTH
57,221.0,2025-03-08 18:29:37,PLACED,NORTH
58,294.0,2025-12-31 21:44:33,RETURNED,WEST
59,550.0,2024-12-11 02:41:11,RETURNED,SOUTH
60,524.0,2025-08-12 11:50:14,SHIPPED,SOUTH
61,68.0,2026-01-08 11:03:23,DELIVERED,WEST
62,60.0,2025-08-14 05:29:21,SHIPPED,NORTH
63,57.0,2025-10-07 11:03:48,DELIVERED,SOUTH
64,12.0,2026-07-04 04:45:17,SHIPPED,WEST
65,266.0,2025-11-29 01:50:38,SHIPPED,EAST
66,276.0,2025-11-09 11:48:50,PLACED,NORTH
67,537.0,2025-04-10 10:40:39,PLACED,EAST
68,79.0,2026-05-02 04:27:13,CANCELLED,WEST
69,581.0,2025-07-29 03:46:44,SHIPPED,EAST
70,588.0,11-01-2025,PLACED,SOUTH
71,13.0,2024-08-22 06:00:38,SHIPPED,NORTH
72,154.0,2024-12-02 22:41:49,SHIPPED,NORTH
73,430.0,2025-11-30 03:21:42,SHIPPED,EAST
74,328.0,2025-01-23 12:09:59,DELIVERED,NORTH
75,54.0,2025-06-13 23:39:36,SHIPPED,SOUTH
76,411.0,2026-05-30 18:34:14,PLACED,WEST
77,319.0,26-08-2024,DELIVERED,NORTH
78,206.0,2025-11-03 17:31:46,DELIVERED,EAST
79,378.0,2025-11-05 15:15:57,RETURNED,WEST
80,,2026-05-07 04:10:03,SHIPPED,SOUTH
81,239.0,2025-03-29 11:22:45,RETURNED,EAST
82,10.0,2024-09-26 03:41:27,DELIVERED,NORTH
83,315.0,2025-02-08 00:04:56,PLACED,SOUTH
84,504.0,2026-04-15 15:34:32,PLACED,SOUTH
85,238.0,2025-04-17 16:31:47,RETURNED,WEST
86,87.0,2026-06-25 01:26:53,RETURNED,NORTH
87,404.0,2025-07-15 19:40:31,PLACED,NORTH
88,243.0,2025-12-09 18:06:49,DELIVERED,EAST
89,403.0,2026-04-30 14:26:28,DELIVERED,EAST
90,208.0,2025-06-28 09:03:16,SHIPPED,NORTH
91,478.0,2025-09-18 12:22:23,DELIVERED,WEST
92,213.0,2024-09-11 15:19:35,CANCELLED,EAST
93,93.0,2024-12-01 14:46:29,SHIPPED,EAST
94,42.0,2026-06-15 13:30:45,SHIPPED,EAST
95,365.0,2025-08-22 21:53:42,CANCELLED,NORTH
96,179.0,2025-12-11 18:51:29,PLACED,WEST
97,564.0,2024-08-07 09:06:37,SHIPPED,NORTH
98,144.0,2026-05-14 00:59:14,PLACED,NORTH
99,228.0,2025-02-17 02:01:59,SHIPPED,SOUTH
100,87.0,2025-07-02 05:27:27,RETURNED,EAST
101,67.0,2026-01-04 02:29:27,SHIPPED,WEST
102,340.0,2024-07-22 18:16:59,PLACED,NORTH
103,588.0,2025-11-21 05:12:30,CANCELLED,WEST
104,437.0,2025-03-25 22:30:32,SHIPPED,EAST
105,,2025-02-15 04:25:41,CANCELLED,SOUTH
106,252.0,2026-07-06 21:29:10,DELIVERED,WEST
107,63.0,2026-06-24 04:19:20,PLACED,EAST
108,539.0,2025-01-26 20:45:21,SHIPPED,NORTH
109,368.0,2024-08-23 15:18:52,CANCELLED,WEST
110,330.0,2025-01-13 13:42:04,CANCELLED,EAST
111,225.0,2025-04-18 03:52:45,PLACED,EAST
112,543.0,2026-07-09 18:51:54,DELIVERED,SOUTH
113,247.0,2026-07-02 18:44:03,DELIVERED,NORTH
114,590.0,2026-05-30 00:20:30,CANCELLED,EAST
115,178.0,2026-06-02 15:38:37,SHIPPED,SOUTH
116,368.0,2024-12-21 02:59:52,RETURNED,NORTH
117,582.0,2025-03-16 00:13:15,RETURNED,SOUTH
118,505.0,22-04-2025,RETURNED,EAST
119,,2024-10-17 14:34:42,SHIPPED,SOUTH
120,340.0,2025-12-24 12:15:55,RETURNED,SOUTH
121,,2025-07-24 17:09:56,DELIVERED,NORTH
122,146.0,2025-11-16 14:28:16,PLACED,EAST
123,406.0,2026-04-07 19:58:24,RETURNED,NORTH
124,162.0,2025-11-22 19:59:14,CANCELLED,WEST
125,576.0,2025-05-10 04:40:40,RETURNED,EAST
126,180.0,2025-08-31 19:58:21,CANCELLED,EAST
127,182.0,2025-05-16 20:46:11,PLACED,WEST
128,582.0,2025-02-22 12:44:05,PLACED,SOUTH
129,227.0,2025-09-24 13:13:37,RETURNED,NORTH
130,80.0,2025-06-02 10:48:31,SHIPPED,EAST
131,,2024-10-13 14:21:21,DELIVERED,WEST
132,70.0,2025-10-28 23:01:39,DELIVERED,EAST
133,50.0,2025-09-06 18:32:29,CANCELLED,WEST
134,424.0,2025-11-21 00:36:09,CANCELLED,WEST
135,491.0,2024-12-04 02:59:46,RETURNED,SOUTH
136,35.0,2024-10-18 05:27:43,DELIVERED,NORTH
137,76.0,2025-11-24 07:12:15,DELIVERED,SOUTH
138,77.0,2026-04-26 18:46:15,RETURNED,NORTH
139,495.0,2026-05-04 18:12:25,PLACED,WEST
140,445.0,2025-05-19 11:52:16,SHIPPED,NORTH
141,195.0,2026-05-04 08:22:43,CANCELLED,EAST
142,99.0,2026-01-22 20:20:13,PLACED,WEST
143,,2025-10-31 16:55:49,PLACED,EAST
144,,2025-08-25 22:46:09,SHIPPED,NORTH
145,299.0,2024-11-01 19:00:37,PLACED,WEST
146,408.0,2024-08-27 21:04:24,CANCELLED,WEST
147,558.0,2025-08-02 15:48:58,CANCELLED,SOUTH
148,192.0,2025-12-16 21:04:33,CANCELLED,NORTH
149,232.0,2024-11-20 20:21:37,DELIVERED,NORTH
150,100.0,2026-03-14 14:17:45,PLACED,EAST
151,233.0,2024-10-23 15:25:36,RETURNED,NORTH
152,429.0,2024-07-30 21:04:41,RETURNED,WEST
153,307.0,2025-02-27 03:15:56,PLACED,WEST
154,515.0,2026-06-20 00:32:11,RETURNED,SOUTH
155,178.0,2026-06-11 11:25:13,SHIPPED,SOUTH
156,434.0,2025-02-15 22:20:37,PLACED,WEST
157,152.0,2026-01-04 23:51:43,RETURNED,EAST
158,69.0,2026-03-01 13:48:51,PLACED,WEST
159,283.0,17-10-2025,RETURNED,WEST
160,536.0,2025-12-30 16:24:21,CANCELLED,NORTH
161,597.0,2024-10-28 08:13:42,PLACED,NORTH
162,293.0,2024-11-23 14:57:07,RETURNED,EAST
163,,2024-10-13 10:23:22,RETURNED,WEST
164,,2024-07-28 11:29:05,RETURNED,WEST
165,340.0,2026-06-29 13:29:25,SHIPPED,NORTH
166,382.0,2025-10-03 00:12:01,PLACED,EAST
167,288.0,2025-09-24 17:21:28,CANCELLED,NORTH
168,308.0,2025-09-29 15:49:38,CANCELLED,EAST
169,92.0,2025-09-17 23:17:58,SHIPPED,WEST
170,497.0,2024-12-25 00:26:06,RETURNED,EAST
171,163.0,2024-07-28 09:29:27,PLACED,EAST
172,537.0,2024-09-05 09:30:55,RETURNED,NORTH
173,,2026-01-29 23:43:47,PLACED,SOUTH
174,370.0,2024-10-15 06:55:57,SHIPPED,EAST
175,407.0,2026-03-19 10:16:46,PLACED,NORTH
176,457.0,2025-06-16 18:19:36,SHIPPED,WEST
177,168.0,2025-10-26 20:06:51,DELIVERED,NORTH
178,167.0,2024-11-20 17:34:39,RETURNED,SOUTH
179,212.0,2025-04-18 08:57:29,DELIVERED,WEST
180,10.0,2025-06-20 11:26:49,CANCELLED,SOUTH
181,9.0,2024-11-05 23:36:51,SHIPPED,EAST
182,282.0,2024-12-21 15:06:03,CANCELLED,WEST
183,224.0,2025-05-03 19:22:45,CANCELLED,EAST
184,,2026-06-17 00:59:28,RETURNED,NORTH
185,384.0,2026-05-16 08:28:26,RETURNED,EAST
186,66.0,2026-06-03 10:36:22,DELIVERED,EAST
187,268.0,2024-12-18 21:54:14,DELIVERED,SOUTH
188,59.0,2025-11-11 17:47:05,RETURNED,WEST
189,27.0,2024-12-04 12:10:16,CANCELLED,EAST
190,398.0,2024-12-05 18:28:29,PLACED,SOUTH
191,548.0,2024-11-15 16:38:25,CANCELLED,EAST
192,572.0,2026-06-06 17:30:57,SHIPPED,EAST
193,265.0,2025-05-26 05:31:39,RETURNED,SOUTH
194,92.0,2025-10-03 02:10:43,SHIPPED,EAST
195,431.0,2025-11-23 19:28:08,DELIVERED,EAST
196,121.0,2026-04-03 12:04:18,CANCELLED,NORTH
197,73.0,2026-04-18 16:56:16,CANCELLED,SOUTH
198,391.0,2025-05-17 15:53:28,RETURNED,EAST
199,155.0,2026-01-27 08:24:50,SHIPPED,SOUTH
200,469.0,2025-09-26 10:07:35,SHIPPED,EAST
201,83.0,2026-03-03 11:55:19,CANCELLED,EAST
202,60.0,2025-12-17 10:24:25,PLACED,WEST
203,173.0,2025-04-23 06:15:04,RETURNED,SOUTH
204,91.0,2026-05-26 08:43:36,SHIPPED,WEST
205,,2025-08-31 03:04:13,CANCELLED,NORTH
206,383.0,2025-08-04 23:52:45,PLACED,EAST
207,19.0,2025-10-20 20:47:56,PLACED,SOUTH
208,320.0,2025-12-05 16:21:12,SHIPPED,NORTH
209,172.0,2024-08-06 11:21:49,PLACED,NORTH
210,533.0,2024-09-27 04:40:15,RETURNED,EAST
211,138.0,2025-06-08 02:20:57,DELIVERED,WEST
212,414.0,2026-04-11 12:46:45,PLACED,SOUTH
213,217.0,2026-04-11 13:00:24,PLACED,SOUTH
214,39.0,2025-01-04 20:03:51,CANCELLED,EAST
215,,2025-08-06 05:51:14,PLACED,NORTH
216,455.0,2026-06-28 00:14:12,CANCELLED,NORTH
217,157.0,2024-08-07 00:19:51,SHIPPED,NORTH
218,533.0,2025-04-18 07:51:48,DELIVERED,SOUTH
219,524.0,2026-01-19 06:36:21,RETURNED,NORTH
220,510.0,2026-06-12 11:53:47,SHIPPED,SOUTH
221,207.0,25-11-2024,DELIVERED,WEST
222,509.0,26-05-2025,SHIPPED,WEST
223,92.0,2026-04-16 09:01:26,PLACED,WEST
224,524.0,2026-01-25 11:55:27,PLACED,NORTH
225,468.0,2025-02-03 04:42:27,DELIVERED,EAST
226,179.0,2024-11-07 22:57:12,PLACED,EAST
227,437.0,2025-02-09 09:48:56,PLACED,NORTH
228,10.0,2026-05-11 16:13:57,SHIPPED,SOUTH
229,275.0,2025-11-25 08:06:51,PLACED,EAST
230,411.0,2026-04-30 10:59:52,CANCELLED,WEST
231,490.0,2025-06-12 23:26:02,CANCELLED,SOUTH
232,61.0,2025-10-24 07:19:54,SHIPPED,NORTH
233,583.0,2024-09-13 09:45:18,CANCELLED,SOUTH
234,30.0,2025-07-10 01:28:56,SHIPPED,WEST
235,422.0,2024-11-17 15:51:21,CANCELLED,NORTH
236,13.0,2025-09-09 23:58:43,RETURNED,SOUTH
237,347.0,2026-04-23 15:07:11,RETURNED,NORTH
238,494.0,2025-08-12 11:32:14,DELIVERED,WEST
239,56.0,2025-04-22 11:14:50,PLACED,SOUTH
240,508.0,2025-03-02 14:57:07,SHIPPED,NORTH
241,339.0,2024-07-27 12:56:14,DELIVERED,NORTH
242,388.0,2025-06-05 17:54:11,CANCELLED,SOUTH
243,587.0,2026-04-25 07:15:28,CANCELLED,NORTH
244,122.0,2026-04-24 16:50:11,CANCELLED,NORTH
245,571.0,2026-04-15 00:36:21,RETURNED,NORTH
246,312.0,2024-09-13 05:10:36,RETURNED,SOUTH
247,350.0,2025-03-03 01:42:49,DELIVERED,NORTH
248,340.0,2025-10-26 02:43:15,RETURNED,WEST
249,464.0,2025-12-11 01:20:10,PLACED,NORTH
250,350.0,2024-11-06 03:15:17,DELIVERED,EAST
251,109.0,2025-12-26 23:23:36,PLACED,SOUTH
252,420.0,2024-09-13 22:54:40,PLACED,EAST
253,403.0,2025-12-07 05:25:04,SHIPPED,WEST
254,,2025-10-15 12:26:36,PLACED,WEST
255,127.0,2024-09-09 15:44:37,CANCELLED,WEST
256,138.0,07-12-2025,CANCELLED,NORTH
257,444.0,2025-12-22 07:23:36,RETURNED,WEST
258,182.0,2026-06-21 16:46:41,RETURNED,SOUTH
259,397.0,2025-09-29 10:45:07,RETURNED,EAST
260,255.0,2024-11-03 03:28:28,DELIVERED,WEST
261,464.0,2025-08-15 08:35:24,SHIPPED,SOUTH
262,525.0,2024-08-10 09:55:50,DELIVERED,EAST
263,223.0,2024-11-11 04:03:49,SHIPPED,SOUTH
264,354.0,2025-03-11 04:38:07,SHIPPED,SOUTH
265,331.0,2026-04-06 19:29:54,PLACED,EAST
266,428.0,2026-03-31 12:09:00,RETURNED,EAST
267,,2024-11-04 18:28:19,RETURNED,NORTH
268,58.0,2024-10-22 23:22:38,SHIPPED,EAST
269,294.0,2026-01-22 04:40:40,DELIVERED,SOUTH
270,303.0,2024-08-15 19:44:28,SHIPPED,NORTH
271,576.0,2025-02-19 08:59:20,SHIPPED,WEST
272,295.0,2025-12-24 17:02:07,PLACED,WEST
273,,2026-06-11 07:23:12,RETURNED,NORTH
274,454.0,2025-02-05 06:57:07,SHIPPED,EAST
275,202.0,2024-11-18 08:03:58,SHIPPED,EAST
276,77.0,2026-04-26 16:59:44,SHIPPED,SOUTH
277,42.0,2026-06-10 22:03:21,CANCELLED,EAST
278,599.0,2024-07-11 22:07:38,DELIVERED,NORTH
279,159.0,2026-01-19 10:44:31,PLACED,SOUTH
280,309.0,2024-07-18 06:12:39,CANCELLED,EAST
281,539.0,2025-07-07 20:21:31,SHIPPED,SOUTH
282,164.0,2025-07-08 14:08:48,CANCELLED,WEST
283,219.0,2026-02-19 04:05:45,DELIVERED,EAST
284,544.0,2025-09-26 11:04:21,CANCELLED,NORTH
285,247.0,2025-07-04 19:24:47,RETURNED,SOUTH
286,329.0,2024-12-14 18:19:06,CANCELLED,NORTH
287,290.0,2025-11-03 01:42:45,PLACED,EAST
288,499.0,2025-06-05 18:54:56,PLACED,EAST
289,527.0,2025-05-28 02:56:13,PLACED,NORTH
290,551.0,2025-09-21 12:25:49,RETURNED,NORTH
291,219.0,2024-07-14 03:25:31,CANCELLED,NORTH
292,,2026-04-14 17:56:01,PLACED,SOUTH
293,39.0,2025-01-28 11:55:58,PLACED,NORTH
294,572.0,2025-10-11 13:07:29,PLACED,SOUTH
295,462.0,2026-02-28 10:09:53,CANCELLED,WEST
296,122.0,2024-12-08 00:23:34,RETURNED,NORTH
297,600.0,2024-11-21 08:42:58,PLACED,NORTH
298,297.0,2024-08-18 13:32:41,DELIVERED,NORTH
299,391.0,2025-03-21 07:02:18,CANCELLED,NORTH
300,140.0,2024-10-23 12:49:29,CANCELLED,EAST
301,383.0,02-08-2024,PLACED,SOUTH
302,404.0,2025-09-04 15:02:03,RETURNED,NORTH
303,353.0,2025-09-23 00:42:05,SHIPPED,WEST
304,146.0,2025-03-08 05:04:15,SHIPPED,SOUTH
305,199.0,2024-09-11 09:45:05,PLACED,SOUTH
306,56.0,2024-09-26 21:09:22,RETURNED,WEST
307,69.0,2026-07-05 05:52:42,DELIVERED,NORTH
308,339.0,2024-11-04 04:38:31,DELIVERED,SOUTH
309,292.0,2025-02-02 01:48:48,RETURNED,NORTH
310,462.0,2025-11-04 03:12:11,DELIVERED,EAST
311,581.0,2025-12-02 13:34:07,DELIVERED,EAST
312,321.0,2025-08-31 09:10:26,SHIPPED,SOUTH
313,284.0,2025-08-24 00:00:39,DELIVERED,SOUTH
314,492.0,2026-06-15 04:46:47,CANCELLED,WEST
315,565.0,2026-01-07 17:10:06,PLACED,SOUTH
316,288.0,2025-03-29 10:50:41,SHIPPED,SOUTH
317,79.0,2024-08-04 12:31:14,PLACED,NORTH
318,596.0,2026-01-21 17:22:24,RETURNED,WEST
319,38.0,2025-03-02 03:44:52,RETURNED,EAST
320,484.0,2026-04-25 23:15:05,SHIPPED,EAST
321,298.0,2026-02-28 12:40:40,SHIPPED,WEST
322,373.0,2026-01-14 08:49:52,RETURNED,NORTH
323,170.0,2026-03-17 08:41:23,RETURNED,SOUTH
324,580.0,25-08-2024,SHIPPED,WEST
325,500.0,2025-06-18 06:19:30,SHIPPED,NORTH
326,212.0,2024-10-06 11:26:34,RETURNED,EAST
327,48.0,2026-03-29 02:55:04,PLACED,EAST
328,281.0,2025-03-06 19:42:58,DELIVERED,SOUTH
329,80.0,2025-05-07 13:59:43,RETURNED,EAST
330,529.0,2024-12-09 15:05:54,CANCELLED,EAST
331,494.0,2024-12-09 01:10:18,RETURNED,NORTH
332,170.0,2024-08-20 20:15:16,SHIPPED,NORTH
333,154.0,2025-08-30 17:07:24,SHIPPED,SOUTH
334,122.0,2026-06-24 17:41:00,SHIPPED,WEST
335,494.0,2025-07-30 17:25:42,CANCELLED,WEST
336,,2024-09-11 09:10:26,PLACED,SOUTH
337,165.0,2025-12-20 06:18:37,SHIPPED,NORTH
338,171.0,2025-09-24 02:52:05,DELIVERED,SOUTH
339,578.0,2026-02-05 02:16:07,PLACED,EAST
340,483.0,2025-12-07 15:34:03,CANCELLED,SOUTH
341,147.0,2025-05-17 07:05:20,RETURNED,SOUTH
342,172.0,2026-03-20 15:22:38,DELIVERED,WEST
343,388.0,2025-01-15 00:25:31,CANCELLED,SOUTH
344,517.0,2025-09-02 11:18:56,CANCELLED,SOUTH
345,40.0,2025-10-07 14:36:26,RETURNED,NORTH
346,553.0,2026-05-17 13:45:23,PLACED,WEST
347,45.0,2025-10-01 01:37:38,RETURNED,WEST
348,391.0,2025-07-06 22:46:58,DELIVERED,NORTH
349,239.0,2025-12-23 23:54:25,PLACED,EAST
350,264.0,2025-07-07 22:20:54,SHIPPED,NORTH
351,592.0,2026-02-19 13:18:50,RETURNED,NORTH
352,211.0,2026-04-15 20:09:28,DELIVERED,WEST
353,600.0,2024-12-26 08:09:15,DELIVERED,EAST
354,375.0,2025-02-06 12:53:15,RETURNED,EAST
355,209.0,2024-11-27 17:30:40,CANCELLED,WEST
356,496.0,2024-10-03 16:32:27,DELIVERED,EAST
357,408.0,2025-06-13 22:20:31,SHIPPED,NORTH
358,166.0,2026-02-11 08:07:22,PLACED,SOUTH
359,564.0,2025-12-30 01:07:54,RETURNED,NORTH
360,6.0,2024-12-07 19:00:53,PLACED,SOUTH
361,91.0,2025-10-01 19:28:28,PLACED,EAST
362,39.0,2025-05-08 05:19:15,CANCELLED,WEST
363,59.0,2024-08-11 13:44:15,SHIPPED,WEST
364,,2025-03-21 18:05:13,DELIVERED,SOUTH
365,529.0,2026-02-18 03:21:29,SHIPPED,SOUTH
366,1.0,2024-12-11 10:47:49,SHIPPED,NORTH
367,362.0,2025-10-20 07:12:10,CANCELLED,WEST
368,71.0,2025-11-25 09:14:17,PLACED,EAST
369,597.0,2025-01-11 04:30:58,DELIVERED,EAST
370,200.0,2024-08-27 21:27:34,CANCELLED,WEST
371,417.0,2025-02-13 16:37:30,RETURNED,NORTH
372,349.0,2025-08-15 02:24:50,PLACED,EAST
373,589.0,2026-01-20 15:26:15,DELIVERED,WEST
374,250.0,2024-09-30 11:55:18,DELIVERED,WEST
375,29.0,2025-03-09 19:08:45,CANCELLED,NORTH
376,226.0,2025-04-24 15:32:13,SHIPPED,EAST
377,549.0,2025-08-28 22:14:58,PLACED,EAST
378,351.0,2026-06-10 16:25:38,PLACED,SOUTH
379,588.0,2026-03-09 03:09:53,DELIVERED,SOUTH
380,195.0,2024-11-28 01:34:41,CANCELLED,SOUTH
381,272.0,2026-03-10 10:24:54,SHIPPED,SOUTH
382,365.0,2026-05-14 01:09:23,SHIPPED,NORTH
383,505.0,2025-06-24 07:41:11,RETURNED,NORTH
384,44.0,2025-06-20 22:54:16,CANCELLED,EAST
385,589.0,2024-08-04 07:34:49,DELIVERED,WEST
386,524.0,2024-10-16 12:09:44,DELIVERED,WEST
387,56.0,2024-10-30 20:20:53,RETURNED,WEST
388,515.0,2025-06-10 19:31:22,DELIVERED,WEST
389,469.0,02-04-2026,PLACED,WEST
390,216.0,2026-04-24 19:10:49,CANCELLED,NORTH
391,266.0,2025-06-12 03:59:37,SHIPPED,EAST
392,352.0,2026-02-24 01:46:07,DELIVERED,SOUTH
393,382.0,2026-05-18 01:45:31,DELIVERED,WEST
394,135.0,2024-08-19 06:20:45,RETURNED,SOUTH
395,242.0,2025-07-24 23:23:45,RETURNED,WEST
396,154.0,2025-08-26 00:29:36,CANCELLED,NORTH
397,530.0,2025-11-16 18:01:31,RETURNED,EAST
398,576.0,2025-08-18 21:17:26,RETURNED,NORTH
399,62.0,2024-07-23 00:21:10,SHIPPED,EAST
400,461.0,2025-09-04 02:50:54,DELIVERED,EAST
401,264.0,2025-03-08 15:44:01,DELIVERED,NORTH
402,204.0,2026-05-09 14:19:52,RETURNED,SOUTH
403,333.0,2026-02-10 15:28:20,RETURNED,WEST
404,81.0,2024-08-26 17:00:19,CANCELLED,EAST
405,172.0,2024-10-26 09:43:56,DELIVERED,WEST
406,74.0,2026-03-15 11:37:32,PLACED,SOUTH
407,299.0,2025-03-14 02:02:51,DELIVERED,WEST
408,372.0,2025-04-09 10:43:53,RETURNED,WEST
409,24.0,2025-08-03 14:48:40,SHIPPED,SOUTH
410,82.0,2024-11-07 13:53:15,SHIPPED,SOUTH
411,,2025-09-24 18:50:26,RETURNED,NORTH
412,86.0,2024-11-23 05:13:38,PLACED,EAST
413,400.0,2024-10-02 16:39:15,DELIVERED,SOUTH
414,,2026-01-31 19:52:07,SHIPPED,SOUTH
415,334.0,2025-02-19 12:49:55,CANCELLED,WEST
416,279.0,2026-03-27 23:04:10,RETURNED,WEST
417,553.0,2025-12-09 20:45:52,SHIPPED,WEST
418,578.0,2025-01-23 15:57:09,CANCELLED,EAST
419,233.0,2024-09-10 17:53:14,PLACED,WEST
420,,2026-04-11 00:11:15,DELIVERED,NORTH
421,140.0,06-04-2025,DELIVERED,EAST
422,,2026-03-07 05:50:25,CANCELLED,EAST
423,300.0,2025-02-15 09:43:53,RETURNED,SOUTH
424,194.0,2025-07-27 21:59:55,CANCELLED,WEST
425,400.0,2024-11-14 04:25:47,CANCELLED,SOUTH
426,246.0,2025-04-08 16:45:36,RETURNED,EAST
427,276.0,2024-08-05 15:46:55,CANCELLED,SOUTH
428,297.0,2024-12-03 23:16:57,PLACED,WEST
429,,14-09-2024,SHIPPED,EAST
430,548.0,2025-07-13 23:02:46,PLACED,SOUTH
431,129.0,2026-02-13 00:19:04,CANCELLED,NORTH
432,506.0,2026-05-01 09:26:27,SHIPPED,EAST
433,511.0,29-10-2024,DELIVERED,WEST
434,83.0,2025-03-14 18:56:20,SHIPPED,NORTH
435,557.0,2025-06-27 12:11:17,CANCELLED,SOUTH
436,391.0,2026-04-08 16:37:08,PLACED,NORTH
437,395.0,21-02-2025,CANCELLED,SOUTH
438,472.0,2025-03-05 10:55:19,PLACED,SOUTH
439,320.0,22-01-2026,DELIVERED,SOUTH
440,563.0,2024-09-19 02:41:22,RETURNED,NORTH
441,204.0,2026-06-26 20:56:14,DELIVERED,NORTH
442,116.0,2025-07-21 09:01:30,SHIPPED,WEST
443,283.0,2026-07-04 12:05:12,RETURNED,NORTH
444,44.0,2024-12-06 05:25:55,RETURNED,WEST
445,92.0,2024-08-05 01:00:42,SHIPPED,SOUTH
446,347.0,2025-04-18 11:12:03,PLACED,NORTH
447,550.0,2026-04-02 01:37:39,PLACED,SOUTH
448,572.0,01-10-2024,DELIVERED,WEST
449,387.0,21-02-2025,DELIVERED,SOUTH
450,449.0,2024-08-10 12:06:08,RETURNED,EAST
451,581.0,2026-03-20 21:05:36,SHIPPED,EAST
452,568.0,2026-04-07 05:29:09,SHIPPED,NORTH
453,270.0,2025-03-09 19:15:58,RETURNED,EAST
454,519.0,2026-04-19 20:58:12,CANCELLED,SOUTH
455,373.0,2024-09-22 15:44:22,RETURNED,SOUTH
456,552.0,2026-01-20 00:29:36,CANCELLED,SOUTH
457,565.0,2026-01-04 22:53:52,SHIPPED,EAST
458,,2024-07-25 18:18:12,PLACED,NORTH
459,183.0,2026-01-14 09:44:23,PLACED,SOUTH
460,33.0,2025-10-19 00:13:00,RETURNED,WEST
461,263.0,2024-12-09 15:06:14,PLACED,EAST
462,14.0,2024-12-02 20:13:59,SHIPPED,WEST
463,480.0,2025-02-03 16:09:07,PLACED,EAST
464,426.0,2025-08-02 03:47:39,DELIVERED,NORTH
465,42.0,2026-01-24 20:19:21,PLACED,EAST
466,532.0,2025-11-11 14:00:53,PLACED,NORTH
467,195.0,2025-01-24 12:13:58,SHIPPED,SOUTH
468,572.0,2024-11-01 09:20:05,RETURNED,WEST
469,591.0,2024-09-30 22:51:17,DELIVERED,WEST
470,107.0,2026-06-09 08:36:42,SHIPPED,SOUTH
471,162.0,2025-08-22 03:16:49,RETURNED,WEST
472,564.0,2024-09-22 02:59:05,DELIVERED,EAST
473,332.0,2025-08-09 15:32:35,RETURNED,SOUTH
474,564.0,2025-08-14 15:24:19,DELIVERED,EAST
475,407.0,2025-01-23 08:08:44,PLACED,NORTH
476,,2026-05-29 09:17:03,SHIPPED,EAST
477,220.0,2026-02-16 15:34:55,DELIVERED,NORTH
478,283.0,2025-09-01 16:44:12,RETURNED,SOUTH
479,160.0,2024-11-11 10:54:03,SHIPPED,EAST
480,239.0,2025-02-21 19:06:43,DELIVERED,EAST
481,223.0,2026-04-22 02:34:05,PLACED,EAST
482,,2025-08-08 05:19:42,PLACED,EAST
483,391.0,2024-08-15 09:29:50,PLACED,NORTH
484,445.0,2024-07-30 12:28:34,CANCELLED,NORTH
485,12.0,30-04-2026,CANCELLED,NORTH
486,553.0,2024-08-15 04:45:39,RETURNED,SOUTH
487,157.0,2025-04-15 13:16:30,PLACED,WEST
488,590.0,2024-09-10 05:59:50,RETURNED,NORTH
489,404.0,2025-04-21 15:05:12,SHIPPED,SOUTH
490,51.0,2025-12-06 02:15:34,RETURNED,WEST
491,445.0,2026-04-21 09:36:41,SHIPPED,SOUTH
492,405.0,2025-10-12 03:46:05,RETURNED,SOUTH
493,537.0,2025-11-25 11:07:43,SHIPPED,SOUTH
494,332.0,2025-05-31 00:22:39,RETURNED,NORTH
495,375.0,2025-03-26 02:49:30,DELIVERED,SOUTH
496,25.0,2025-03-09 02:28:37,DELIVERED,SOUTH
497,453.0,2024-12-01 02:00:38,RETURNED,SOUTH
498,240.0,2026-01-14 08:08:22,SHIPPED,EAST
499,88.0,2026-02-20 12:26:46,PLACED,NORTH
500,152.0,2024-09-04 17:12:50,DELIVERED,NORTH
501,,2026-05-14 09:59:46,CANCELLED,WEST
502,551.0,2026-01-18 17:46:48,SHIPPED,SOUTH
503,562.0,2025-08-28 02:23:59,CANCELLED,SOUTH
504,386.0,2024-09-15 05:09:07,RETURNED,NORTH
505,206.0,2026-02-15 10:36:50,RETURNED,EAST
506,9.0,2025-12-01 15:41:59,PLACED,WEST
507,369.0,2024-09-18 09:21:30,PLACED,NORTH
508,396.0,2025-02-21 01:49:41,SHIPPED,WEST
509,324.0,2025-10-23 01:49:40,CANCELLED,NORTH
510,,2026-01-20 05:59:10,RETURNED,NORTH
511,313.0,2025-06-18 01:34:28,DELIVERED,WEST
512,356.0,2026-06-01 10:23:54,DELIVERED,EAST
513,514.0,2024-10-22 07:50:59,DELIVERED,NORTH
514,31.0,2026-04-24 15:11:16,RETURNED,EAST
515,403.0,2025-01-13 20:14:51,SHIPPED,NORTH
516,233.0,2025-03-31 20:00:35,CANCELLED,SOUTH
517,320.0,2024-11-20 06:38:53,RETURNED,EAST
518,142.0,2026-05-10 09:13:47,RETURNED,SOUTH
519,537.0,2025-03-07 15:20:29,SHIPPED,WEST
520,149.0,2026-03-30 03:10:31,RETURNED,SOUTH
521,122.0,2025-03-03 13:44:44,SHIPPED,EAST
522,31.0,2025-06-30 10:55:27,DELIVERED,WEST
523,281.0,2024-08-26 02:08:29,SHIPPED,SOUTH
524,274.0,2024-09-29 19:16:19,RETURNED,SOUTH
525,27.0,2025-06-23 23:41:20,DELIVERED,NORTH
526,515.0,2026-03-19 03:45:30,RETURNED,WEST
527,397.0,2025-01-31 12:35:27,CANCELLED,WEST
528,34.0,2025-03-20 23:56:55,CANCELLED,NORTH
529,228.0,2025-09-02 03:10:25,SHIPPED,SOUTH
530,450.0,2025-07-15 09:19:12,RETURNED,WEST
531,253.0,2025-05-01 16:28:55,CANCELLED,WEST
532,390.0,2025-12-13 02:28:59,DELIVERED,WEST
533,550.0,2024-09-25 11:44:05,RETURNED,NORTH
534,44.0,19-08-2025,SHIPPED,WEST
535,397.0,2024-08-30 03:35:44,RETURNED,NORTH
536,312.0,2025-02-15 00:46:48,DELIVERED,WEST
537,56.0,2025-06-11 01:46:48,RETURNED,SOUTH
538,93.0,2025-09-13 17:10:59,RETURNED,NORTH
539,560.0,2024-12-30 14:46:39,SHIPPED,WEST
540,184.0,2025-01-03 08:27:53,CANCELLED,SOUTH
541,332.0,2024-11-02 12:03:27,SHIPPED,NORTH
542,372.0,2025-06-26 16:57:04,PLACED,WEST
543,,2024-08-26 14:19:16,CANCELLED,WEST
544,344.0,2024-12-08 10:55:17,RETURNED,SOUTH
545,53.0,2025-11-28 08:06:52,CANCELLED,EAST
546,457.0,2025-05-20 06:52:43,DELIVERED,SOUTH
547,,2026-06-25 08:40:40,PLACED,EAST
548,511.0,2025-08-27 16:15:52,RETURNED,NORTH
549,223.0,2025-03-16 07:29:27,RETURNED,WEST
550,7.0,2025-11-28 09:23:58,SHIPPED,EAST
551,213.0,2024-11-12 18:38:29,PLACED,SOUTH
552,38.0,2025-11-10 11:23:13,SHIPPED,NORTH
553,,2025-12-31 10:25:06,DELIVERED,NORTH
554,183.0,2025-12-11 09:02:02,SHIPPED,EAST
555,587.0,2026-03-12 13:39:28,RETURNED,SOUTH
556,369.0,2024-09-30 20:26:37,PLACED,NORTH
557,389.0,2025-09-17 18:17:58,PLACED,WEST
558,483.0,2025-03-04 00:33:46,SHIPPED,NORTH
559,540.0,2024-09-18 16:12:42,CANCELLED,SOUTH
560,112.0,2025-05-30 13:30:27,RETURNED,NORTH
561,295.0,2025-02-19 08:31:29,CANCELLED,EAST
562,363.0,2025-05-01 18:22:14,SHIPPED,WEST
563,505.0,2025-09-19 08:34:59,SHIPPED,SOUTH
564,2.0,2025-11-22 02:11:58,PLACED,NORTH
565,213.0,2025-09-18 00:05:01,RETURNED,WEST
566,574.0,2026-02-28 05:40:57,SHIPPED,NORTH
567,261.0,2025-03-05 12:09:15,PLACED,EAST
568,7.0,2025-10-23 11:49:47,PLACED,EAST
569,30.0,2024-08-23 06:04:01,SHIPPED,SOUTH
570,491.0,2024-12-15 07:15:19,CANCELLED,NORTH
571,472.0,2024-10-18 19:36:42,RETURNED,EAST
572,58.0,2025-09-06 13:56:03,RETURNED,EAST
573,569.0,2026-01-11 20:17:11,RETURNED,NORTH
574,363.0,20-02-2026,PLACED,SOUTH
575,385.0,2026-01-13 08:54:48,RETURNED,SOUTH
576,120.0,2025-11-04 02:26:44,DELIVERED,EAST
577,89.0,2025-06-05 05:31:13,CANCELLED,SOUTH
578,310.0,2025-02-07 06:41:07,SHIPPED,EAST
579,39.0,02-10-2025,SHIPPED,NORTH
580,495.0,2025-05-31 23:34:50,RETURNED,SOUTH
581,537.0,2024-12-06 13:45:07,DELIVERED,EAST
582,529.0,2026-04-11 06:47:25,SHIPPED,SOUTH
583,535.0,13-02-2025,PLACED,NORTH
584,90.0,2026-02-09 14:17:40,DELIVERED,WEST
585,320.0,2025-11-17 17:53:28,PLACED,EAST
586,206.0,2026-05-11 06:55:11,SHIPPED,EAST
587,452.0,2026-05-24 13:33:09,PLACED,EAST
588,16.0,2025-12-15 16:09:41,RETURNED,NORTH
589,327.0,2026-05-08 19:35:53,DELIVERED,SOUTH
590,588.0,2026-07-02 17:27:58,SHIPPED,SOUTH
591,347.0,08-09-2025,RETURNED,WEST
592,52.0,2025-09-29 00:33:09,PLACED,WEST
593,184.0,2025-07-17 04:41:48,RETURNED,WEST
594,203.0,2026-03-20 12:33:02,RETURNED,NORTH
595,477.0,2026-03-24 01:54:06,RETURNED,SOUTH
596,480.0,2024-08-23 22:20:32,PLACED,WEST
597,477.0,2026-04-28 13:25:00,CANCELLED,SOUTH
598,265.0,2026-06-16 08:56:24,DELIVERED,WEST
599,339.0,2024-07-09 22:58:29,DELIVERED,WEST
600,116.0,2025-08-22 10:22:18,DELIVERED,WEST
601,357.0,2026-06-24 06:13:22,RETURNED,SOUTH
602,110.0,2024-09-27 11:22:06,DELIVERED,NORTH
603,411.0,2025-01-31 11:44:50,RETURNED,WEST
604,163.0,2024-08-01 02:54:22,CANCELLED,WEST
605,442.0,2025-05-20 16:49:09,CANCELLED,EAST
606,80.0,2025-09-13 10:39:36,RETURNED,WEST
607,334.0,2025-10-09 01:08:50,RETURNED,NORTH
608,416.0,2025-12-11 06:39:51,PLACED,NORTH
609,389.0,2025-05-01 22:33:35,DELIVERED,WEST
610,223.0,2025-05-23 05:43:59,SHIPPED,NORTH
611,464.0,2024-12-10 15:07:44,RETURNED,EAST
612,201.0,2024-11-13 00:19:58,SHIPPED,EAST
613,312.0,2024-10-18 22:16:43,CANCELLED,EAST
614,523.0,2025-08-19 01:34:29,CANCELLED,SOUTH
615,563.0,2026-03-17 09:00:22,PLACED,NORTH
616,368.0,2025-03-29 12:35:04,PLACED,EAST
617,404.0,2025-05-10 02:57:45,DELIVERED,WEST
618,217.0,2025-02-05 01:31:23,SHIPPED,WEST
619,369.0,2026-04-07 20:34:24,CANCELLED,SOUTH
620,129.0,09-10-2024,SHIPPED,NORTH
621,499.0,2024-07-17 19:36:14,CANCELLED,SOUTH
622,426.0,2025-10-25 23:26:21,CANCELLED,WEST
623,435.0,2024-10-22 12:39:25,RETURNED,WEST
624,435.0,2026-04-16 17:38:02,RETURNED,NORTH
625,243.0,2025-11-01 22:38:43,RETURNED,EAST
626,376.0,2026-06-21 12:59:04,PLACED,NORTH
627,116.0,2024-10-16 12:32:43,RETURNED,WEST
628,540.0,2024-10-17 13:52:12,DELIVERED,WEST
629,91.0,2026-02-18 01:34:18,SHIPPED,WEST
630,80.0,2026-03-29 15:58:32,RETURNED,EAST
631,548.0,2026-04-23 02:02:57,PLACED,WEST
632,588.0,2025-11-29 07:26:35,DELIVERED,WEST
633,,2026-05-19 21:57:23,DELIVERED,SOUTH
634,312.0,2025-10-07 14:41:00,RETURNED,EAST
635,174.0,2025-06-06 06:24:50,RETURNED,NORTH
636,28.0,2025-05-15 03:44:26,DELIVERED,WEST
637,285.0,2026-02-28 09:17:19,DELIVERED,SOUTH
638,264.0,2025-04-16 08:49:26,PLACED,NORTH
639,155.0,2024-12-21 05:46:18,CANCELLED,EAST
640,242.0,2025-05-15 15:05:11,CANCELLED,SOUTH
641,352.0,2024-07-14 18:26:57,PLACED,SOUTH
642,508.0,2025-07-08 05:38:20,CANCELLED,WEST
643,172.0,2025-12-25 06:12:46,SHIPPED,EAST
644,119.0,2025-12-11 12:54:41,PLACED,SOUTH
645,488.0,2025-01-22 00:33:35,RETURNED,SOUTH
646,486.0,2026-05-17 04:16:24,DELIVERED,SOUTH
647,296.0,2025-09-03 08:31:23,CANCELLED,WEST
648,43.0,2024-08-02 18:49:40,PLACED,EAST
649,280.0,2024-08-06 00:01:18,DELIVERED,EAST
650,599.0,2025-06-27 08:36:54,CANCELLED,WEST
651,200.0,2025-04-04 13:56:00,RETURNED,EAST
652,321.0,2025-09-06 05:11:02,RETURNED,NORTH
653,13.0,2026-06-11 20:54:53,CANCELLED,NORTH
654,360.0,05-09-2024,SHIPPED,EAST
655,95.0,2025-12-24 17:27:05,PLACED,SOUTH
656,123.0,2025-07-28 20:55:24,PLACED,SOUTH
657,580.0,2026-03-29 01:54:48,SHIPPED,NORTH
658,479.0,2026-01-08 15:02:14,PLACED,WEST
659,438.0,2025-01-29 10:51:14,DELIVERED,EAST
660,64.0,2025-07-21 23:06:05,CANCELLED,WEST
661,272.0,2025-07-26 15:25:49,SHIPPED,WEST
662,206.0,2025-09-27 23:39:19,RETURNED,WEST
663,148.0,2025-01-04 11:28:04,RETURNED,WEST
664,,2025-10-13 00:40:07,DELIVERED,NORTH
665,257.0,2025-11-06 04:30:27,CANCELLED,NORTH
666,1.0,2025-11-09 19:49:05,PLACED,WEST
667,401.0,2025-11-21 01:02:51,RETURNED,NORTH
668,503.0,2025-08-07 05:08:13,CANCELLED,WEST
669,,2025-09-05 17:57:28,RETURNED,SOUTH
670,494.0,2025-09-30 03:41:51,PLACED,EAST
671,57.0,2026-04-30 09:24:48,PLACED,EAST
672,83.0,2025-08-04 04:08:11,CANCELLED,EAST
673,41.0,2024-07-17 05:14:22,CANCELLED,SOUTH
674,110.0,2025-06-06 00:06:35,DELIVERED,WEST
675,195.0,2026-05-02 04:42:47,SHIPPED,NORTH
676,245.0,2025-09-01 14:40:27,CANCELLED,WEST
677,316.0,08-03-2025,CANCELLED,WEST
678,348.0,24-03-2025,PLACED,EAST
679,122.0,2026-06-23 13:49:05,SHIPPED,WEST
680,550.0,09-02-2025,SHIPPED,SOUTH
681,145.0,2024-11-08 16:51:46,CANCELLED,NORTH
682,,2025-11-29 01:29:37,SHIPPED,SOUTH
683,315.0,2025-09-18 21:40:00,PLACED,WEST
684,66.0,2025-02-16 11:00:51,PLACED,NORTH
685,226.0,2026-02-02 18:48:40,PLACED,SOUTH
686,412.0,2025-01-15 14:09:15,DELIVERED,NORTH
687,141.0,2025-10-12 00:46:36,DELIVERED,SOUTH
688,344.0,2025-09-04 15:52:56,PLACED,NORTH
689,173.0,2025-08-31 19:17:48,DELIVERED,SOUTH
690,42.0,2025-10-31 18:28:31,SHIPPED,NORTH
691,386.0,2025-02-07 11:04:02,SHIPPED,NORTH
692,8.0,2025-12-29 23:35:01,SHIPPED,NORTH
693,291.0,2024-07-29 06:46:02,CANCELLED,WEST
694,278.0,2025-06-28 10:46:23,RETURNED,WEST
695,39.0,2024-10-09 23:33:39,RETURNED,SOUTH
696,91.0,2024-09-03 11:42:09,DELIVERED,EAST
697,197.0,2026-02-01 20:44:37,PLACED,NORTH
698,553.0,2025-01-09 11:01:37,RETURNED,SOUTH
699,214.0,2025-10-02 04:03:39,DELIVERED,NORTH
700,486.0,2025-01-26 09:09:52,CANCELLED,SOUTH
701,56.0,2025-01-13 01:00:52,DELIVERED,EAST
702,465.0,2026-01-01 22:34:13,PLACED,NORTH
703,181.0,2025-09-23 10:05:58,SHIPPED,NORTH
704,241.0,2026-05-05 04:10:43,CANCELLED,EAST
705,334.0,2025-12-31 03:24:32,SHIPPED,NORTH
706,423.0,2025-11-02 20:11:26,SHIPPED,WEST
707,600.0,2025-04-05 10:45:53,CANCELLED,NORTH
708,466.0,2024-11-14 11:12:27,SHIPPED,WEST
709,199.0,2026-01-31 23:05:25,DELIVERED,EAST
710,583.0,2024-12-28 21:03:47,PLACED,EAST
711,470.0,2024-11-18 10:03:00,CANCELLED,SOUTH
712,303.0,2025-07-29 14:07:06,RETURNED,SOUTH
713,175.0,2024-08-02 12:19:03,RETURNED,SOUTH
714,501.0,2026-06-28 04:27:44,SHIPPED,WEST
715,439.0,2026-06-15 23:13:46,SHIPPED,SOUTH
716,153.0,17-09-2025,RETURNED,NORTH
717,482.0,2026-03-01 14:15:25,RETURNED,NORTH
718,101.0,2026-03-13 04:50:26,CANCELLED,WEST
719,13.0,2026-01-10 05:14:24,CANCELLED,SOUTH
720,93.0,2025-05-06 23:47:39,PLACED,WEST
721,471.0,2025-04-15 05:41:24,RETURNED,NORTH
722,142.0,2025-11-03 22:41:31,CANCELLED,SOUTH
723,476.0,2025-12-21 16:03:28,PLACED,NORTH
724,544.0,2024-11-08 12:55:12,PLACED,EAST
725,556.0,2025-09-04 09:09:20,RETURNED,SOUTH
726,344.0,2026-03-16 06:48:10,PLACED,EAST
727,375.0,2024-08-18 00:36:14,CANCELLED,NORTH
728,573.0,2025-01-18 11:26:42,PLACED,SOUTH
729,553.0,2026-02-27 23:48:52,PLACED,WEST
730,215.0,2024-08-16 17:00:06,SHIPPED,EAST
731,434.0,2025-06-13 07:04:38,DELIVERED,NORTH
732,498.0,2025-06-22 05:15:36,RETURNED,NORTH
733,546.0,2025-06-22 05:51:41,DELIVERED,WEST
734,68.0,2026-06-02 00:29:06,SHIPPED,WEST
735,184.0,2026-05-14 04:18:10,DELIVERED,NORTH
736,152.0,2024-12-27 00:37:41,CANCELLED,SOUTH
737,24.0,2025-11-20 15:09:31,DELIVERED,WEST
738,136.0,2025-04-20 06:43:07,CANCELLED,EAST
739,22.0,2025-01-17 04:24:30,DELIVERED,SOUTH
740,238.0,2025-07-31 19:38:49,RETURNED,EAST
741,335.0,2025-05-22 21:44:37,CANCELLED,WEST
742,314.0,2025-02-05 07:09:24,SHIPPED,EAST
743,296.0,2026-02-11 18:13:47,PLACED,SOUTH
744,171.0,2025-04-14 09:18:09,RETURNED,SOUTH
745,180.0,24-02-2025,SHIPPED,SOUTH
746,325.0,2025-07-31 16:20:19,RETURNED,SOUTH
747,211.0,2026-06-07 14:03:26,RETURNED,NORTH
748,152.0,2024-09-18 11:08:05,DELIVERED,WEST
749,309.0,2025-08-01 10:34:13,PLACED,NORTH
750,149.0,2025-03-24 19:20:04,CANCELLED,EAST
751,560.0,2026-03-18 00:59:17,RETURNED,EAST
752,297.0,2025-09-28 06:55:48,RETURNED,SOUTH
753,453.0,2025-10-28 15:53:49,DELIVERED,NORTH
754,143.0,2025-01-24 11:07:03,RETURNED,NORTH
755,226.0,2025-01-22 19:25:04,CANCELLED,EAST
756,200.0,2026-02-15 10:00:56,RETURNED,SOUTH
757,201.0,2025-01-11 20:45:26,PLACED,NORTH
758,90.0,2025-09-09 01:41:53,RETURNED,WEST
759,524.0,2025-06-11 04:07:29,PLACED,EAST
760,438.0,2025-11-14 15:04:12,DELIVERED,WEST
761,360.0,2025-01-01 23:15:31,DELIVERED,WEST
762,455.0,2025-11-12 03:26:26,CANCELLED,WEST
763,435.0,2026-01-23 04:10:43,CANCELLED,SOUTH
764,148.0,2025-07-24 03:44:41,SHIPPED,EAST
765,344.0,2025-11-16 09:37:11,PLACED,WEST
766,280.0,2026-07-04 20:45:22,CANCELLED,SOUTH
767,141.0,2025-02-23 04:17:11,SHIPPED,SOUTH
768,503.0,2024-07-17 01:38:18,PLACED,EAST
769,,15-07-2024,CANCELLED,SOUTH
770,269.0,2024-08-27 23:29:28,DELIVERED,WEST
771,295.0,2025-05-05 18:00:22,CANCELLED,SOUTH
772,251.0,2025-07-28 00:52:16,PLACED,NORTH
773,69.0,2025-11-22 02:02:21,RETURNED,EAST
774,265.0,2025-03-23 02:48:26,CANCELLED,NORTH
775,18.0,2025-12-21 02:56:11,DELIVERED,SOUTH
776,473.0,2025-01-09 08:18:42,SHIPPED,EAST
777,430.0,2024-08-03 04:59:38,DELIVERED,NORTH
778,79.0,2025-10-04 19:09:54,RETURNED,SOUTH
779,97.0,2024-08-19 21:24:59,RETURNED,SOUTH
780,309.0,2025-09-16 08:20:33,DELIVERED,EAST
781,148.0,2026-04-23 08:47:23,PLACED,SOUTH
782,497.0,2024-12-14 17:27:25,CANCELLED,EAST
783,224.0,2025-09-20 04:19:11,SHIPPED,SOUTH
784,573.0,2024-10-06 07:21:23,RETURNED,NORTH
785,120.0,2026-06-08 23:47:54,SHIPPED,NORTH
786,372.0,2024-09-10 10:40:29,SHIPPED,WEST
787,,2025-09-24 01:15:04,SHIPPED,EAST
788,228.0,2025-04-09 23:18:47,SHIPPED,SOUTH
789,215.0,2026-01-18 07:46:40,SHIPPED,NORTH
790,115.0,2025-10-25 14:57:51,PLACED,NORTH
791,,2026-02-16 01:30:29,SHIPPED,NORTH
792,61.0,21-11-2024,CANCELLED,NORTH
793,309.0,2024-09-28 07:28:23,PLACED,NORTH
794,211.0,2024-11-20 22:36:02,RETURNED,SOUTH
795,93.0,2025-02-09 12:25:33,SHIPPED,EAST
796,165.0,2025-11-03 19:22:15,RETURNED,SOUTH
797,593.0,2024-09-02 15:34:29,PLACED,SOUTH
798,176.0,2025-06-05 13:44:55,RETURNED,NORTH
799,220.0,2026-07-06 08:23:22,RETURNED,WEST
800,451.0,2026-01-22 08:13:30,PLACED,SOUTH
801,435.0,2025-11-26 23:53:06,SHIPPED,SOUTH
802,322.0,2025-11-08 23:52:06,PLACED,WEST
803,370.0,2026-01-22 21:33:27,DELIVERED,NORTH
804,395.0,2025-01-13 07:41:31,DELIVERED,WEST
805,455.0,2026-01-30 15:35:47,SHIPPED,WEST
806,194.0,2025-01-27 21:27:40,PLACED,WEST
807,14.0,2024-08-23 21:56:09,CANCELLED,NORTH
808,88.0,2025-04-19 04:46:16,PLACED,SOUTH
809,105.0,2026-07-06 20:51:28,SHIPPED,NORTH
810,206.0,2025-01-13 23:30:20,RETURNED,WEST
811,512.0,2026-02-23 01:49:29,DELIVERED,EAST
812,410.0,2024-11-16 07:33:52,DELIVERED,WEST
813,497.0,2024-08-29 00:51:04,RETURNED,EAST
814,126.0,2026-06-24 18:56:46,DELIVERED,WEST
815,138.0,2024-12-02 22:13:29,PLACED,NORTH
816,511.0,2025-04-22 03:40:08,PLACED,SOUTH
817,157.0,2025-10-23 20:29:29,DELIVERED,NORTH
818,533.0,2024-09-26 13:08:28,CANCELLED,WEST
819,503.0,2025-08-08 06:17:37,RETURNED,EAST
820,554.0,20-05-2025,RETURNED,NORTH
821,441.0,2025-09-30 19:57:09,PLACED,WEST
822,,2024-09-24 22:54:33,CANCELLED,NORTH
823,311.0,2025-05-27 21:47:19,SHIPPED,WEST
824,399.0,2025-01-14 12:47:17,CANCELLED,NORTH
825,568.0,2024-08-03 19:21:17,RETURNED,WEST
826,519.0,2024-08-29 18:37:31,PLACED,WEST
827,387.0,2025-12-22 19:09:45,RETURNED,EAST
828,63.0,2026-01-28 02:20:21,PLACED,NORTH
829,598.0,2024-07-23 01:09:56,PLACED,EAST
830,366.0,2025-07-07 21:39:06,CANCELLED,EAST
831,241.0,2025-10-29 05:54:42,DELIVERED,NORTH
832,313.0,2024-07-09 23:24:04,PLACED,EAST
833,39.0,2024-08-05 23:30:23,CANCELLED,WEST
834,274.0,2025-04-20 13:57:54,PLACED,WEST
835,387.0,2024-10-28 02:05:59,RETURNED,WEST
836,501.0,2025-03-07 06:37:36,PLACED,SOUTH
837,348.0,2025-04-21 04:48:23,SHIPPED,EAST
838,509.0,12-07-2024,PLACED,SOUTH
839,588.0,2025-12-08 05:35:34,CANCELLED,SOUTH
840,593.0,2026-01-23 12:49:40,PLACED,EAST
841,544.0,2025-06-23 14:42:04,CANCELLED,WEST
842,310.0,2025-04-30 09:23:41,RETURNED,EAST
843,205.0,2025-12-22 23:03:33,CANCELLED,WEST
844,561.0,2026-02-22 16:37:01,SHIPPED,NORTH
845,192.0,2024-08-29 13:08:39,RETURNED,WEST
846,479.0,2024-12-21 07:37:43,DELIVERED,WEST
847,62.0,2025-04-16 03:43:30,RETURNED,SOUTH
848,155.0,2025-11-24 19:59:19,DELIVERED,WEST
849,66.0,2026-01-29 23:47:36,SHIPPED,WEST
850,165.0,2024-10-05 21:04:28,DELIVERED,SOUTH
851,197.0,2025-08-04 08:53:03,PLACED,SOUTH
852,498.0,2026-07-03 16:28:10,RETURNED,WEST
853,207.0,2025-03-09 21:53:42,SHIPPED,EAST
854,285.0,15-02-2025,RETURNED,SOUTH
855,498.0,2024-08-18 15:50:12,PLACED,NORTH
856,306.0,2026-07-07 15:23:33,PLACED,WEST
857,93.0,2025-10-25 00:23:17,CANCELLED,SOUTH
858,513.0,2025-04-02 05:25:30,PLACED,EAST
859,126.0,2026-03-24 16:34:26,DELIVERED,EAST
860,242.0,2025-03-14 18:00:28,CANCELLED,SOUTH
861,282.0,2026-03-15 19:22:55,CANCELLED,WEST
862,503.0,2026-01-15 20:05:19,RETURNED,EAST
863,559.0,2025-02-06 03:36:23,CANCELLED,WEST
864,149.0,2024-12-04 17:12:03,DELIVERED,WEST
865,22.0,2025-08-18 08:59:17,RETURNED,NORTH
866,56.0,2026-06-16 02:09:47,SHIPPED,EAST
867,372.0,2025-11-03 23:51:47,PLACED,SOUTH
868,403.0,2025-02-12 15:50:30,DELIVERED,EAST
869,242.0,2025-04-20 07:19:08,DELIVERED,SOUTH
870,450.0,2024-09-25 07:59:45,DELIVERED,WEST
871,83.0,2025-11-24 12:38:52,CANCELLED,WEST
872,341.0,2025-06-29 17:20:12,CANCELLED,NORTH
873,519.0,2026-04-16 23:20:23,PLACED,EAST
874,561.0,2025-05-25 06:42:40,DELIVERED,WEST
875,,2024-11-24 17:47:27,CANCELLED,SOUTH
876,313.0,2024-08-04 10:02:07,DELIVERED,NORTH
877,134.0,2024-07-27 20:52:13,RETURNED,WEST
878,490.0,2026-07-07 04:18:30,SHIPPED,EAST
879,336.0,2024-12-30 13:11:49,DELIVERED,SOUTH
880,,19-04-2025,CANCELLED,SOUTH
881,572.0,2026-02-08 10:06:46,RETURNED,SOUTH
882,,2025-10-22 08:06:14,DELIVERED,SOUTH
883,267.0,2025-07-09 08:24:46,SHIPPED,NORTH
884,581.0,2026-06-14 05:17:52,PLACED,NORTH
885,465.0,2026-02-22 07:53:38,CANCELLED,NORTH
886,273.0,2026-06-15 09:42:14,DELIVERED,WEST
887,212.0,2024-07-21 08:01:40,RETURNED,SOUTH
888,194.0,2025-03-14 04:22:26,CANCELLED,SOUTH
889,298.0,2025-03-13 00:54:38,DELIVERED,SOUTH
890,379.0,2025-12-18 00:37:34,RETURNED,WEST
891,332.0,2025-05-01 13:21:33,CANCELLED,SOUTH
892,263.0,2024-12-10 23:13:49,PLACED,NORTH
893,241.0,2025-10-29 23:10:24,CANCELLED,EAST
894,47.0,2025-07-26 11:16:21,PLACED,EAST
895,405.0,2026-05-27 01:23:35,DELIVERED,SOUTH
896,595.0,2026-04-06 00:07:10,SHIPPED,EAST
897,348.0,2025-08-05 06:55:37,CANCELLED,SOUTH
898,444.0,01-01-2026,SHIPPED,EAST
899,131.0,2024-12-26 12:46:58,CANCELLED,EAST
900,290.0,2024-08-30 23:02:47,DELIVERED,EAST
901,169.0,2025-12-28 13:55:01,DELIVERED,WEST
902,451.0,2025-07-01 11:15:27,PLACED,SOUTH
903,37.0,2024-07-23 06:23:37,CANCELLED,EAST
904,119.0,2026-05-03 00:24:53,CANCELLED,NORTH
905,575.0,2025-10-04 01:11:34,CANCELLED,WEST
906,152.0,2025-01-02 14:47:03,PLACED,EAST
907,185.0,2025-10-26 06:24:08,SHIPPED,EAST
908,218.0,2024-07-19 20:02:02,RETURNED,NORTH
909,427.0,2025-10-14 11:42:26,PLACED,SOUTH
910,337.0,2026-05-01 04:17:46,PLACED,EAST
911,404.0,2026-02-28 20:59:46,DELIVERED,NORTH
912,84.0,2024-09-18 09:52:16,CANCELLED,WEST
913,6.0,2025-09-28 19:54:33,DELIVERED,NORTH
914,333.0,11-03-2026,RETURNED,SOUTH
915,290.0,2024-08-25 01:27:52,DELIVERED,NORTH
916,391.0,2026-02-26 11:41:19,PLACED,WEST
917,409.0,2024-09-30 17:56:01,PLACED,NORTH
918,413.0,2025-09-16 23:02:54,DELIVERED,SOUTH
919,443.0,2025-10-02 01:05:38,DELIVERED,SOUTH
920,377.0,2024-08-24 10:36:23,RETURNED,SOUTH
921,488.0,2024-12-04 08:47:50,DELIVERED,WEST
922,378.0,2025-03-12 18:19:39,RETURNED,SOUTH
923,42.0,2026-03-11 22:43:00,RETURNED,EAST
924,159.0,2025-12-30 09:11:48,CANCELLED,NORTH
925,490.0,2025-04-29 00:00:44,DELIVERED,SOUTH
926,308.0,05-10-2024,SHIPPED,WEST
927,79.0,2025-11-21 01:17:58,PLACED,NORTH
928,476.0,2025-08-12 02:22:49,RETURNED,EAST
929,516.0,2025-03-01 06:08:59,PLACED,NORTH
930,187.0,2026-06-14 00:42:51,CANCELLED,NORTH
931,305.0,2024-12-12 02:28:06,DELIVERED,WEST
932,272.0,2024-08-11 15:23:30,DELIVERED,SOUTH
933,266.0,13-11-2024,PLACED,WEST
934,120.0,2024-08-24 12:33:57,PLACED,SOUTH
935,415.0,2025-01-25 09:57:25,RETURNED,WEST
936,370.0,2026-01-13 17:11:41,CANCELLED,EAST
937,196.0,2024-11-09 02:22:37,PLACED,NORTH
938,28.0,2025-04-05 13:34:44,SHIPPED,WEST
939,447.0,2024-11-06 20:59:54,RETURNED,SOUTH
940,,2025-01-03 07:39:02,CANCELLED,WEST
941,157.0,2025-09-07 11:17:09,CANCELLED,WEST
942,600.0,2024-10-14 18:23:04,SHIPPED,SOUTH
943,,2026-02-07 04:32:21,PLACED,EAST
944,443.0,2025-10-14 03:31:22,CANCELLED,WEST
945,568.0,2025-04-10 02:20:21,DELIVERED,NORTH
946,500.0,2024-11-01 13:51:06,SHIPPED,NORTH
947,324.0,2026-04-12 21:23:15,RETURNED,NORTH
948,485.0,2024-09-06 07:22:49,PLACED,WEST
949,460.0,2024-07-14 14:50:16,CANCELLED,NORTH
950,481.0,2026-05-16 20:46:43,DELIVERED,WEST
951,348.0,2025-12-07 14:26:18,RETURNED,WEST
952,400.0,2025-09-16 01:11:19,CANCELLED,EAST
953,166.0,2025-02-01 14:26:07,RETURNED,SOUTH
954,495.0,2025-11-27 22:21:40,SHIPPED,SOUTH
955,104.0,2026-02-08 01:22:27,CANCELLED,WEST
956,49.0,2025-06-22 01:24:44,PLACED,EAST
957,163.0,2024-10-10 00:48:26,SHIPPED,NORTH
958,117.0,2024-10-21 20:44:16,RETURNED,SOUTH
959,265.0,2025-01-23 06:21:04,DELIVERED,EAST
960,571.0,2025-06-03 08:43:20,DELIVERED,SOUTH
961,107.0,2024-12-31 02:40:20,PLACED,WEST
962,114.0,13-11-2024,PLACED,NORTH
963,108.0,2025-11-26 14:16:45,SHIPPED,NORTH
964,161.0,2025-09-17 21:44:39,DELIVERED,WEST
965,102.0,2025-12-15 05:46:28,SHIPPED,EAST
966,207.0,29-09-2025,CANCELLED,WEST
967,486.0,2024-09-11 15:20:08,DELIVERED,EAST
968,382.0,2026-03-05 01:42:14,CANCELLED,EAST
969,543.0,2025-02-14 08:40:48,CANCELLED,SOUTH
970,420.0,2025-05-11 06:08:35,CANCELLED,EAST
971,11.0,2025-08-20 17:42:04,RETURNED,NORTH
972,169.0,26-11-2024,CANCELLED,NORTH
973,155.0,2026-06-30 00:50:58,RETURNED,NORTH
974,533.0,2026-06-22 20:49:46,DELIVERED,WEST
975,567.0,04-10-2025,DELIVERED,EAST
976,287.0,2026-03-31 13:10:37,RETURNED,SOUTH
977,211.0,2026-06-30 03:58:50,RETURNED,WEST
978,415.0,2025-07-15 02:09:04,SHIPPED,EAST
979,400.0,2025-06-13 10:36:08,SHIPPED,EAST
980,320.0,2025-10-09 23:03:38,RETURNED,EAST
981,29.0,2024-12-08 08:39:07,RETURNED,EAST
982,433.0,2024-08-17 02:34:15,RETURNED,NORTH
983,266.0,2024-09-29 15:37:35,RETURNED,EAST
984,128.0,26-10-2024,CANCELLED,EAST
985,348.0,2026-03-17 16:57:57,SHIPPED,SOUTH
986,587.0,2026-05-06 03:53:48,SHIPPED,WEST
987,336.0,2025-07-07 18:22:53,RETURNED,SOUTH
988,101.0,2024-11-03 01:01:07,SHIPPED,WEST
989,64.0,2026-05-14 08:03:04,CANCELLED,SOUTH
990,379.0,2024-08-17 19:22:35,RETURNED,WEST
991,405.0,2025-04-01 09:02:54,DELIVERED,WEST
992,502.0,2024-12-09 10:37:01,CANCELLED,SOUTH
993,469.0,2025-01-08 23:17:41,SHIPPED,NORTH
994,34.0,2025-10-02 21:58:15,SHIPPED,EAST
995,419.0,2026-04-20 12:38:18,PLACED,NORTH
996,536.0,2025-06-05 08:33:25,SHIPPED,NORTH
997,,2024-09-23 14:51:03,DELIVERED,WEST
998,432.0,2024-08-16 15:50:01,PLACED,EAST
999,501.0,2025-08-05 20:56:20,PLACED,NORTH
1000,46.0,2024-11-01 18:58:12,CANCELLED,WEST
1001,346.0,2024-07-30 13:44:52,CANCELLED,WEST
1002,136.0,2025-07-20 11:14:06,SHIPPED,WEST
1003,153.0,2024-08-30 02:27:53,DELIVERED,NORTH
1004,420.0,2024-12-28 05:21:14,CANCELLED,SOUTH
1005,47.0,2025-05-30 06:34:35,CANCELLED,EAST
1006,26.0,2025-09-05 20:17:43,RETURNED,EAST
1007,573.0,2025-05-11 11:03:32,PLACED,SOUTH
1008,55.0,2026-01-06 01:45:23,RETURNED,SOUTH
1009,20.0,2026-04-26 14:01:48,PLACED,SOUTH
1010,211.0,2024-12-24 09:32:54,SHIPPED,WEST
1011,329.0,2024-09-27 18:59:12,CANCELLED,NORTH
1012,349.0,2024-12-22 17:33:21,CANCELLED,SOUTH
1013,325.0,2024-12-29 13:14:08,CANCELLED,EAST
1014,555.0,2025-05-06 17:36:56,SHIPPED,EAST
1015,92.0,2024-12-02 09:43:11,SHIPPED,EAST
1016,61.0,2026-04-21 11:10:34,RETURNED,EAST
1017,306.0,2024-09-01 01:16:40,CANCELLED,NORTH
1018,332.0,2025-09-09 17:44:48,DELIVERED,WEST
1019,54.0,2024-08-18 00:50:30,SHIPPED,SOUTH
1020,505.0,2025-05-23 17:34:02,RETURNED,WEST
1021,326.0,14-12-2024,CANCELLED,WEST
1022,240.0,2025-09-27 12:29:12,PLACED,EAST
1023,104.0,2024-11-16 09:51:58,SHIPPED,SOUTH
1024,86.0,2025-04-08 03:57:05,RETURNED,SOUTH
1025,554.0,2025-06-08 17:04:17,SHIPPED,SOUTH
1026,,2024-11-28 04:01:16,CANCELLED,NORTH
1027,297.0,2025-03-28 06:49:16,SHIPPED,NORTH
1028,280.0,2025-01-22 08:20:43,RETURNED,EAST
1029,,2025-03-11 16:52:33,SHIPPED,EAST
1030,577.0,2024-08-01 18:51:26,PLACED,EAST
1031,144.0,2025-08-28 17:46:00,RETURNED,EAST
1032,517.0,2025-01-30 07:36:27,DELIVERED,EAST
1033,464.0,2024-09-28 12:06:16,DELIVERED,SOUTH
1034,,2025-06-14 09:42:50,CANCELLED,EAST
1035,,10-05-2025,RETURNED,WEST
1036,178.0,2026-01-15 18:05:55,CANCELLED,WEST
1037,80.0,2024-12-16 22:33:26,RETURNED,NORTH
1038,456.0,2025-02-09 22:49:12,PLACED,EAST
1039,367.0,2024-10-31 20:55:27,CANCELLED,SOUTH
1040,9.0,2026-02-09 18:07:46,PLACED,WEST
1041,10.0,2026-06-05 07:31:25,SHIPPED,NORTH
1042,367.0,2026-05-01 20:21:03,SHIPPED,NORTH
1043,227.0,04-09-2025,SHIPPED,WEST
1044,,2025-08-17 02:50:12,RETURNED,SOUTH
1045,406.0,2024-12-24 03:13:14,PLACED,EAST
1046,566.0,2025-05-06 01:50:57,SHIPPED,SOUTH
1047,67.0,2025-07-25 11:35:24,SHIPPED,EAST
1048,536.0,31-03-2026,DELIVERED,SOUTH
1049,546.0,2024-12-14 10:45:29,RETURNED,EAST
1050,3.0,2025-06-20 05:10:19,CANCELLED,NORTH
1051,417.0,2025-06-12 09:07:39,DELIVERED,NORTH
1052,371.0,2024-07-19 22:27:53,RETURNED,NORTH
1053,285.0,2025-05-18 01:36:56,CANCELLED,WEST
1054,343.0,2026-04-07 18:10:04,PLACED,NORTH
1055,434.0,2025-01-06 09:03:07,PLACED,SOUTH
1056,65.0,2025-05-22 13:13:49,PLACED,NORTH
1057,343.0,2024-12-18 19:18:58,DELIVERED,SOUTH
1058,349.0,2026-05-17 20:19:07,PLACED,EAST
1059,75.0,2026-05-31 13:25:56,RETURNED,WEST
1060,593.0,2026-05-07 19:41:57,PLACED,NORTH
1061,387.0,2026-04-26 11:54:34,DELIVERED,NORTH
1062,453.0,2025-05-10 12:21:57,PLACED,EAST
1063,105.0,2024-08-10 15:30:27,PLACED,NORTH
1064,99.0,2026-07-03 10:43:17,RETURNED,WEST
1065,11.0,2025-12-27 03:08:41,CANCELLED,WEST
1066,104.0,2025-07-12 15:52:08,DELIVERED,NORTH
1067,,2025-05-16 07:19:01,PLACED,NORTH
1068,199.0,2025-04-23 09:13:19,RETURNED,SOUTH
1069,432.0,2026-02-20 19:45:05,CANCELLED,WEST
1070,46.0,2025-11-30 05:35:06,PLACED,SOUTH
1071,367.0,2024-09-18 22:15:54,DELIVERED,SOUTH
1072,352.0,2025-07-06 03:17:23,DELIVERED,EAST
1073,149.0,2024-09-08 00:54:39,PLACED,SOUTH
1074,56.0,2026-01-10 10:48:15,CANCELLED,EAST
1075,207.0,2025-11-27 16:20:09,PLACED,EAST
1076,479.0,2025-05-02 08:49:23,RETURNED,EAST
1077,344.0,2024-12-15 14:10:31,RETURNED,EAST
1078,466.0,28-03-2025,PLACED,WEST
1079,229.0,2024-12-30 23:19:02,SHIPPED,WEST
1080,340.0,2026-07-09 01:19:52,CANCELLED,SOUTH
1081,7.0,20-07-2024,DELIVERED,NORTH
1082,118.0,2025-11-10 01:24:05,SHIPPED,EAST
1083,369.0,2024-11-04 12:50:23,PLACED,NORTH
1084,225.0,2025-06-09 20:06:59,DELIVERED,SOUTH
1085,183.0,2025-08-29 23:49:57,SHIPPED,NORTH
1086,104.0,2025-09-08 16:38:21,PLACED,SOUTH
1087,114.0,2026-06-22 14:19:50,DELIVERED,SOUTH
1088,382.0,2025-06-13 02:37:09,SHIPPED,WEST
1089,148.0,2024-10-18 14:28:41,SHIPPED,SOUTH
1090,384.0,2025-12-04 23:12:49,DELIVERED,WEST
1091,48.0,2024-11-21 10:34:12,RETURNED,SOUTH
1092,153.0,2026-04-06 23:49:05,DELIVERED,SOUTH
1093,130.0,2025-10-10 05:08:20,RETURNED,WEST
1094,482.0,2025-12-05 12:39:48,RETURNED,NORTH
1095,522.0,2024-07-10 08:05:49,DELIVERED,WEST
1096,383.0,2025-10-10 13:48:03,RETURNED,WEST
1097,275.0,2025-04-16 11:42:31,RETURNED,WEST
1098,38.0,2025-11-25 22:05:56,SHIPPED,SOUTH
1099,241.0,2025-08-01 04:01:50,CANCELLED,SOUTH
1100,586.0,2025-02-10 23:51:48,SHIPPED,EAST
1101,87.0,2026-01-10 07:27:41,DELIVERED,WEST
1102,43.0,2025-12-01 06:09:18,CANCELLED,EAST
1103,419.0,2025-09-29 18:16:04,DELIVERED,WEST
1104,184.0,2025-09-02 12:50:07,CANCELLED,SOUTH
1105,85.0,2024-12-07 15:46:55,DELIVERED,NORTH
1106,101.0,2025-11-21 11:24:41,PLACED,NORTH
1107,342.0,2025-10-05 13:42:47,SHIPPED,EAST
1108,282.0,2025-03-11 13:25:41,SHIPPED,SOUTH
1109,557.0,2026-05-21 07:49:54,DELIVERED,NORTH
1110,355.0,2025-07-20 08:18:11,CANCELLED,WEST
1111,13.0,2026-05-05 01:56:44,CANCELLED,SOUTH
1112,215.0,2025-04-01 05:29:50,CANCELLED,SOUTH
1113,480.0,2024-08-16 00:09:38,CANCELLED,EAST
1114,193.0,2025-04-15 01:58:24,CANCELLED,WEST
1115,572.0,2025-06-14 06:32:00,PLACED,EAST
1116,313.0,2024-08-08 04:46:46,PLACED,WEST
1117,348.0,2025-04-03 00:19:03,SHIPPED,WEST
1118,551.0,2025-10-25 19:38:31,DELIVERED,EAST
1119,33.0,2025-12-06 05:41:48,SHIPPED,SOUTH
1120,582.0,2025-08-22 23:08:02,RETURNED,WEST
1121,401.0,2026-01-25 10:08:41,PLACED,WEST
1122,584.0,2024-10-18 10:39:16,CANCELLED,EAST
1123,567.0,2025-03-11 00:00:59,SHIPPED,NORTH
1124,28.0,2025-08-07 12:47:29,SHIPPED,SOUTH
1125,291.0,2025-10-26 10:49:11,SHIPPED,SOUTH
1126,466.0,2025-12-29 23:35:01,PLACED,EAST
1127,421.0,2026-01-09 20:45:07,CANCELLED,SOUTH
1128,429.0,2026-04-06 16:26:51,CANCELLED,NORTH
1129,212.0,2025-12-04 18:06:25,SHIPPED,SOUTH
1130,487.0,2026-01-10 12:27:59,SHIPPED,EAST
1131,,2026-01-16 03:40:36,DELIVERED,SOUTH
1132,66.0,2025-02-28 10:24:29,CANCELLED,SOUTH
1133,503.0,2026-04-26 06:19:16,CANCELLED,WEST
1134,295.0,2025-07-12 04:28:01,CANCELLED,EAST
1135,305.0,2025-05-14 06:46:50,CANCELLED,SOUTH
1136,443.0,2024-08-18 02:57:24,CANCELLED,WEST
1137,583.0,07-04-2025,PLACED,WEST
1138,162.0,2025-06-04 19:38:11,DELIVERED,EAST
1139,223.0,2025-07-10 15:22:21,CANCELLED,WEST
1140,378.0,2026-03-07 07:38:05,PLACED,NORTH
1141,420.0,2025-06-17 18:52:37,CANCELLED,SOUTH
1142,474.0,2025-08-01 21:17:03,PLACED,NORTH
1143,473.0,2026-03-04 06:20:20,CANCELLED,EAST
1144,407.0,2026-04-27 08:56:13,PLACED,NORTH
1145,140.0,2025-06-04 12:03:29,DELIVERED,WEST
1146,562.0,2025-04-04 06:20:47,SHIPPED,WEST
1147,166.0,2025-11-13 04:16:34,SHIPPED,NORTH
1148,128.0,2025-11-27 17:26:40,RETURNED,WEST
1149,12.0,2026-06-23 19:29:50,DELIVERED,SOUTH
1150,36.0,15-04-2026,RETURNED,SOUTH
1151,536.0,2024-11-23 22:18:53,PLACED,WEST
1152,5.0,2026-04-16 01:41:07,PLACED,WEST
1153,384.0,2024-09-11 02:50:43,SHIPPED,SOUTH
1154,15.0,2025-04-20 17:26:54,DELIVERED,SOUTH
1155,,2024-11-16 23:01:59,SHIPPED,SOUTH
1156,335.0,2026-06-09 07:53:00,DELIVERED,SOUTH
1157,405.0,2024-09-03 13:11:36,CANCELLED,NORTH
1158,332.0,2024-11-06 16:47:33,SHIPPED,NORTH
1159,399.0,2024-09-29 04:09:05,SHIPPED,WEST
1160,,2024-10-25 10:02:58,RETURNED,EAST
1161,421.0,2024-10-27 06:39:00,DELIVERED,WEST
1162,550.0,2024-12-05 13:06:40,RETURNED,SOUTH
1163,333.0,2026-06-04 20:02:02,CANCELLED,SOUTH
1164,326.0,2024-07-25 21:59:06,CANCELLED,NORTH
1165,600.0,2025-05-09 14:42:39,CANCELLED,WEST
1166,516.0,2025-11-19 19:45:31,RETURNED,NORTH
1167,128.0,2026-05-20 22:41:02,DELIVERED,SOUTH
1168,82.0,2025-06-20 12:27:49,PLACED,SOUTH
1169,156.0,2025-05-12 05:42:26,CANCELLED,SOUTH
1170,455.0,2025-12-30 05:21:16,DELIVERED,SOUTH
1171,41.0,2024-07-25 00:48:27,RETURNED,WEST
1172,25.0,2024-11-24 10:42:39,SHIPPED,EAST
1173,56.0,2024-07-25 10:31:32,SHIPPED,SOUTH
1174,330.0,2026-02-15 04:16:41,SHIPPED,WEST
1175,504.0,2026-03-11 06:05:21,PLACED,SOUTH
1176,210.0,2025-07-23 21:55:37,SHIPPED,NORTH
1177,210.0,2025-03-11 16:37:51,SHIPPED,NORTH
1178,169.0,2025-09-05 01:45:41,SHIPPED,SOUTH
1179,311.0,2025-10-31 08:40:07,DELIVERED,WEST
1180,493.0,2026-02-04 02:25:02,PLACED,EAST
1181,452.0,2025-06-29 11:06:37,CANCELLED,WEST
1182,494.0,2025-11-07 17:38:47,PLACED,WEST
1183,308.0,2025-07-31 14:48:36,RETURNED,SOUTH
1184,390.0,2025-08-13 23:40:49,CANCELLED,EAST
1185,493.0,2025-06-08 21:45:02,PLACED,EAST
1186,,2025-08-27 16:58:26,SHIPPED,NORTH
1187,384.0,2026-04-26 12:26:15,CANCELLED,WEST
1188,383.0,2025-02-18 05:30:48,CANCELLED,WEST
1189,73.0,2026-02-05 21:15:10,CANCELLED,NORTH
1190,580.0,2024-12-22 00:01:20,SHIPPED,SOUTH
1191,357.0,2025-04-07 00:12:11,RETURNED,WEST
1192,60.0,2025-02-04 19:49:57,CANCELLED,WEST
1193,36.0,2026-03-18 23:19:50,DELIVERED,NORTH
1194,268.0,2024-10-25 16:47:12,RETURNED,WEST
1195,,2025-02-02 01:50:22,RETURNED,SOUTH
1196,394.0,2026-06-07 20:04:21,CANCELLED,NORTH
1197,434.0,2025-10-04 05:43:06,SHIPPED,WEST
1198,546.0,2024-11-03 19:04:52,CANCELLED,EAST
1199,92.0,2025-08-04 09:06:19,PLACED,EAST
1200,,2024-11-19 11:50:40,CANCELLED,EAST
